/*
SQLyog Community v10.3 
MySQL - 5.5.50-log : Database - placement
*********************************************************************
*/

/*!40101 SET NAMES utf8 */;

/*!40101 SET SQL_MODE=''*/;

/*!40014 SET @OLD_UNIQUE_CHECKS=@@UNIQUE_CHECKS, UNIQUE_CHECKS=0 */;
/*!40014 SET @OLD_FOREIGN_KEY_CHECKS=@@FOREIGN_KEY_CHECKS, FOREIGN_KEY_CHECKS=0 */;
/*!40101 SET @OLD_SQL_MODE=@@SQL_MODE, SQL_MODE='NO_AUTO_VALUE_ON_ZERO' */;
/*!40111 SET @OLD_SQL_NOTES=@@SQL_NOTES, SQL_NOTES=0 */;
CREATE DATABASE /*!32312 IF NOT EXISTS*/`placement` /*!40100 DEFAULT CHARACTER SET utf8 */;

USE `placement`;

/*Table structure for table `achievements` */

DROP TABLE IF EXISTS `achievements`;

CREATE TABLE `achievements` (
  `aid` int(5) NOT NULL,
  `name` varchar(500) NOT NULL,
  PRIMARY KEY (`aid`)
) ENGINE=InnoDB DEFAULT CHARSET=latin1;

/*Data for the table `achievements` */

insert  into `achievements`(`aid`,`name`) values (1,'Secured 2nd Position in Paper-Presentation Competition at GLS University(Intercollege 2016)'),(2,'Secured 1st Position in Web Designing Competition of \"Cyber Shadez 2016 (JU,Udaipur)\" at State level'),(3,'Secured 3rd Position in Prelim round of \"United Minds Quiz Hunt-III\"'),(4,'Secured 2nd Position in IT Quiz Competition of \"Agrim Techfest 2017 (RBIMS, Baroda)\" at State level'),(5,'Won State Level Web Designing Competition of \"IGNITE-2017\" at CHARUSAT, Changa'),(6,'Secured 1st Position in Paper-Presentation Competition at MS University(Intercollege 2017)'),(7,'Secured 2nd Position in Mouse-less Competition of \"Tech-kaushalya 2017 (Saurashtra University, Rajkot)\" At State level'),(8,'Passed a test Organized by \"Minaxi - Lalit Science Award - 2017 (Jaipur University)'),(9,'Secured 2nd Position in Database Treasurehunt Competition of \"Cyber Shadez 2017 (VN university, Surat)\" at National level'),(10,'Secured 1st Position in Database Treasure hunt Competition at MS University(Intercollege 2018)'),(11,'Secured 1st Position in Logo Designing Competition at Ahmedabad University(Intercollege 2018)'),(12,'Secured 2nd Position in IT Quiz Competition of \"Cyber Shadez 2018 (Rollwala, Surat)\" at State level'),(13,'Secured 1st Position in Education Department of \"Smart Gujarat for New India Hackathon- 2018\"'),(14,'Secured 3rd Position among all Departments of \"Smart Gujarat for New India Hackathon- 2017\"'),(15,'First Prize for BEST OUT OF WASTE competition in Cultural-Fest By KP Institute of Computer Applications.'),(16,'International FIDE Rated Chess player.'),(17,'Represented Gujarat in SGFI National in year 2014.'),(18,'Represented VNSG University thrice and twice as a Captain in Chess in year 2015-16-17-18.'),(19,'Part of the DAIICT Chess team who secured 1st prize in concours 2018'),(20,'Secured 1st Position in Bug Fixing Organised By Deviba institute of Computer Application 2016-17'),(21,'Secured 1st Position Mind Building Organised By C.B. Patel Computer College 2016-17'),(22,'Secured 1st Position ScriptIT Organised By Sutex Bank College of Computer Application 2016-17'),(23,'Secured 1st Position PL SQL Drilling Haggle Organised By S.V. Patel College of Computer Science 2016-17'),(24,'Secured 1st Position in C-Cipher Organised By Zindal Computer College 2015-16'),(25,'Secured 2nd Position in Academic Excellence in BCA (3rd year), Rollwala Computer College 2017-18'),(26,'Secured 2nd Position in Creators Mind Organised by R.P.Joshi Computer College 2017-18'),(27,'Secured 2nd Position in Webtron Organised by Bhagwan Mahavir College of Computer Application 2017-18'),(28,'Secured 2nd Position Spring Puzzle C/C++ Organised By S.V. Patel College of Computer Science 2016-17'),(29,'Secured 2nd Position Logic Fixing Organised By Dilip College of Computer Science 2016-17'),(30,'Secured 2nd Position in Clash of code Organised By S.S. Agarwal College for BCA 2015-16'),(31,'Secured 2nd Position in Crack the Code Organised By C.B. Patel Computer College 2015-16'),(32,'Secured 3rd Position in Academic Excellence in BCA (1st year), C.B. Patel Computer College 2015-16'),(33,'Secured 3rd Position in Mind Stormer Organised by Udhna Academy College of BCA 2017-18'),(34,'Secured 3rd Position Codex Organised By Bhagwan Mahavir College of Computer Application 2016-17'),(35,'Most Attentive student at Andrew J Nadar batch of 2015'),(36,'Medal of appreciation for dedication in TRIFEST - 2018.'),(37,'Presented a research paper entitled “Fast Decimal to Binary Conversion” at IMSCT 2016.'),(38,'Presented a research paper entitled “Power Prime Equation” at MSSCID 2017.'),(39,'First position in inter-college Vedic Mathematics Competition 2017.'),(40,'First position in regional interschool technical competition ‘TechBuzz 2013’.'),(41,'Winner of the \"Blind Code\" competition at the Technomantra 2017-18 at K.S.School of Business Management.'),(42,'Winner of Treasure Hunt at Technomantra 2017-18 at K.S.School of Business Management.'),(43,'1st Prize in Computer Hardware Project.'),(44,'2nd Prize in C Programming Inter-College Event.'),(45,'Attended IIT-Bombay Techfest-2017 in Dec,2017 and participated in All in Cloud Services, Deep Learning, Ethical Hacking Programs.'),(46,'Participated in Moneycontrol Hackathon held at Bandra-Kurla Complex.'),(47,'Participated in Smart City Hackathon held at SVNIT,surat.'),(48,'Stood 15th in All Gujarat GK-IQ Test.'),(49,'Secured Runners up position 2 times in \"Cricket\" in Techsportia-2016 & 2018.'),(50,'Third Prize in Short Film making, Media Buzz 2016');

/*Table structure for table `adminlogin` */

DROP TABLE IF EXISTS `adminlogin`;

CREATE TABLE `adminlogin` (
  `adminid` varchar(50) NOT NULL,
  `fname` varchar(50) NOT NULL,
  `mname` varchar(50) NOT NULL,
  `lname` varchar(50) NOT NULL,
  `dob` date NOT NULL,
  `gender` varchar(10) NOT NULL,
  `height` float NOT NULL,
  `blood_group` varchar(3) NOT NULL,
  `address` varchar(255) NOT NULL,
  `password` varchar(255) NOT NULL,
  `mobile` varchar(13) NOT NULL,
  PRIMARY KEY (`adminid`)
) ENGINE=InnoDB DEFAULT CHARSET=utf8;

/*Data for the table `adminlogin` */

insert  into `adminlogin`(`adminid`,`fname`,`mname`,`lname`,`dob`,`gender`,`height`,`blood_group`,`address`,`password`,`mobile`) values ('admin@gmail.com','admin','xyz','abc','1990-10-31','Male',5.9,'O+','K-392,Kalyan Society,Near Ram Mandir,Ahmedabad. ','admin123','8053427450');

/*Table structure for table `areas` */

DROP TABLE IF EXISTS `areas`;

CREATE TABLE `areas` (
  `intid` int(5) NOT NULL,
  `name` varchar(50) NOT NULL,
  PRIMARY KEY (`intid`)
) ENGINE=InnoDB DEFAULT CHARSET=latin1;

/*Data for the table `areas` */

insert  into `areas`(`intid`,`name`) values (1,'Web Development'),(2,'Data Structures'),(3,'Search Engine Optimization'),(4,'Desktop based Application'),(5,'Database Design'),(6,'App Development'),(7,'Artificial Intelligence'),(8,'Object Oriented Programming'),(9,'Amazone Web Services'),(10,'Algorithm Design'),(11,'Mathemetical Modeling'),(12,'Data Analysis'),(13,'Machine Learning'),(14,'Networking'),(15,'API Development and Testing'),(16,'Software Development'),(17,'System Programming'),(18,'Automation'),(19,'Multi Processng and Testing'),(20,'AJAX'),(21,'PHP CodeIgniter'),(22,'Compitive Coding'),(23,'Database Management'),(24,'Full Stack Developer'),(25,'Data Management'),(26,'Frontend Developer'),(27,'Javascript'),(28,'Java Developer'),(29,'c'),(30,'web');

/*Table structure for table `company` */

DROP TABLE IF EXISTS `company`;

CREATE TABLE `company` (
  `cid` int(5) NOT NULL,
  `name` varchar(50) NOT NULL,
  `location` varchar(20) NOT NULL,
  `stipend` int(7) NOT NULL,
  `ctc` int(8) NOT NULL,
  `job` varchar(100) NOT NULL,
  `type` varchar(3) NOT NULL,
  `category` varchar(2) NOT NULL,
  `cpi_ug` float NOT NULL,
  `cpi_pg` float NOT NULL,
  `open_for` varchar(25) NOT NULL,
  `reg_start_date` datetime NOT NULL,
  `reg_end_date` datetime NOT NULL,
  `placement_date` datetime NOT NULL,
  `status` varchar(5) NOT NULL,
  `description` varchar(1000) NOT NULL,
  PRIMARY KEY (`cid`)
) ENGINE=InnoDB DEFAULT CHARSET=latin1;

/*Data for the table `company` */

insert  into `company`(`cid`,`name`,`location`,`stipend`,`ctc`,`job`,`type`,`category`,`cpi_ug`,`cpi_pg`,`open_for`,`reg_start_date`,`reg_end_date`,`placement_date`,`status`,`description`) values (1,'Everwell','Banglore',10000,600000,'Software Engineer ','I,J','A',7,7,'Btceh,MscIT','2019-07-22 00:00:00','2019-07-25 00:00:00','2019-07-31 00:00:00','open','1.Good problem solving skills.2.Good knowledge of how to solve error.3.Good Programming skills in either of Angular, ReactJS ,Javascript.4.Good knowledge on Database Systems and Web Development.'),(2,'Innovify ','Ahemdabad',15000,400000,'Software Engineer ','I','A',7,7,'Btceh,Mtech,MscIT','2019-08-18 00:00:00','2019-08-20 00:00:00','2019-08-25 00:00:00','open','1.Drive Business results at your clients through implementation of technology & business analytics.2. Work closely with Regional Managers to identify process gaps improvement potential.3.Coordinate with clients and engineering team for quality, on- time delivery of deliverables.4. Work closely with clients to understand their requirements recommend changes in our product and Work closely with the Regional Managers to meet the set objectives at each client.'),(3,'eKutir','Delhi',10000,600000,'Software Engineer ','I,J','A1',7.5,7.5,'Btceh,Mtech,MscIT','2019-07-18 00:00:00','2019-07-20 00:00:00','2019-07-25 00:00:00','open','1.Good problem solving skills..2.Good knowledge of algorithm and data structure..3.Good Programming skills in either of Java, JavaScript or PHP..4.Good knowledge on Database Systems and Web Development.'),(4,'GoDoctor','Banglore',10000,700000,'Devloper ','I,J','A',7.5,7.5,'Btceh,MscIT','2019-07-23 00:00:00','2019-07-25 00:00:00','2019-07-28 00:00:00','open','1.Good problem solving skills..2.Good knowledge of how to solve error..3.Good Programming skills in either of Angular, ReactJS ,Javascript..4.Good knowledge on Database Systems and Web Development.'),(5,'Hubilo','Delhi',8000,0,'Developer/Design ','I','A',7,7,'Mtech,MscIT','2019-08-13 00:00:00','2019-08-14 00:00:00','2019-08-17 00:00:00','open','1.Good problem solving skills..2.Good Programming skills in either of Java, JavaScript or PHP..3.Good knowledge on Database Systems and Web Development..4.Good knowledge HTML5 and CSS3'),(6,'Amazon','Pune',30000,2000000,'Software Engineer ','I,J','A1',7.5,7.5,'Btceh','2019-07-18 00:00:00','2019-07-20 00:00:00','2019-07-25 00:00:00','open','1.Software Development Engineers will be responsible for design, development, delivery and support of large-scale, multi-tiered, distributed software applications and tools..2.Good knowledge of algorithm and data structure..3.Good Programming skills in Java, JavaScript,HTML5,CSS3..4.Good knowledge on Database Systems and Web Development.'),(7,'Autoninja','Hydrabad',10000,600000,'Software Engineer ','I','A',6.5,6.5,'Btceh,Mtech','2019-08-03 00:00:00','2019-08-06 00:00:00','2019-08-15 00:00:00','open','1.Good problem solving skills..2.Good knowledge of algorithm..3.Good Programming skills C, C++,JavaScript..4.Good knowledge on Database Systems and Web Development.'),(8,'Wishbook','Surat and Banglore',15000,0,'Software Development Engineer ','J','A',7,7,'Btceh,MscIT','2019-09-02 00:00:00','2019-09-05 00:00:00','2019-09-12 00:00:00','open','1.Drive Business results at your clients through implementation of technology & business analytics.2. Work closely with Regional Managers to identify process gaps improvement potential.3.Coordinate with clients and engineering team for quality, on- time delivery of deliverables.4. Work closely with clients to understand their requirements recommend changes in our product and Work closely with the Regional Managers to meet the set objectives at each client.'),(9,'Adobe','Mumbai',25000,900000,'Technical Staff [Only girls]','I,J','A1',7.5,7.5,'Btceh,Mtech,MscIT','2019-07-18 00:00:00','2019-07-20 00:00:00','2019-07-25 00:00:00','open','1.Good problem solving skills..2.Good knowledge of algorithm and data structure..3.Good Programming skills in Java, JavaScript, PHP..4.Good knowledge on Database Systems and Web Development.'),(10,'Halftick','Noida',10000,600000,'Analyst ','I,J','A',6.5,6.5,'Btceh,Mtech','2019-09-03 00:00:00','2019-09-06 00:00:00','2019-09-15 00:00:00','open','1.Good problem solving skills..2.Good knowledge of algorithm..3.Good Programming skills C, C++,JavaScript..4.Good knowledge on Database Systems and Web Development.'),(11,'PoshaQ','Ahmedabad',9000,650000,'Frontend ','I,J','A1',7.2,7.2,'MscIT','2019-09-13 00:00:00','2019-09-16 00:00:00','2019-09-25 00:00:00','open','1.Good problem solving skills..2.Good knowledge of solving error..3.Good Programming skills Angular,ReactJS,NodeJS,JavaScript..4.Good knowledge on Database Systems and Web Development.'),(12,'Infocusp','Banglore',10000,700000,'Machine Learning Engineer ','I,J','A',6.5,6.5,'Mtech','2019-07-31 00:00:00','2019-08-02 00:00:00','2019-08-05 00:00:00','open','1.Good problem solving skills..2.Good knowledge of algorithm..3.Good Programming skills in Machin learning..4.Good knowledge on Database Systems and Web Development.'),(13,'FactSet','Pune',12000,600000,'Backend','I,J','A',6.5,6.5,'Btceh,Mtech,MscIT','2019-09-03 00:00:00','2019-09-06 00:00:00','2019-09-15 00:00:00','open','1.Interest in Node.js / Angular / React.2. Ability to manage agile product development and sprint cycles working with a team of engineers and designers.3.Excellent problem-solving, organizational and analytical skills. 4. Can work with cross-functional engineering teams & implement for scale, reliability and post-launch bug and feature cycle management . 5.Interest in developing for mobile as well as web platforms '),(14,'Optimized Solutions Pvt Ltd','Kolkata',7000,600000,'IT Developer','J','A',7,7,'Btceh,MscIT','2019-09-23 00:00:00','2019-09-26 00:00:00','2019-10-02 00:00:00','open','1. Strong fundamentals in Algorithms, OOP concept, and Data Structure.. 2. Web fundamentals like HTML, JavaScript, and CSS .3. Server-side languages like PHP, Java, JavaScript, or .Net. 4. Database technologies like MySQL, PostgreSQL, or MongoDB. 5. API design and development'),(15,'RapidOps','Ahmedabad',15000,800000,'Junior Developer ','I,J','A',6.8,6.8,'Btceh,Mtech,MscIT','2019-08-17 00:00:00','2019-08-20 00:00:00','2019-08-23 00:00:00','open','1.Good problem solving skills..2.Good knowledge of algorithm..3.Good Programming skills NodeJS,Angular,JavaScript..4.Good knowledge on Database Systems and Web Development.'),(16,'Teal Labs','Jaipur',9000,700000,'Software Engineer ','I,J','A',7,7,'Btceh','2019-07-30 00:00:00','2019-08-05 00:00:00','2019-08-09 00:00:00','open','1.Good error solving skills..2.Good knowledge of algorithm and data structure..3.Good Programming skills Java,PHP..4.Good knowledge on Database Systems and Web Development.'),(17,'ezDi','Chennai',8000,800000,'Backend','I,J','A',7,7,'Btceh,Mtech,MscIT','2019-09-30 00:00:00','2019-10-03 00:00:00','2019-10-05 00:00:00','open','1.Knowledge or experience in Java / J2EE .2.Passion towards coding .3.High energy, strong work ethic.4.Strong understanding of object oriented concepts.5.Familiarity with various design patterns HTML5, CSS3, JSP, Servlets.'),(18,'Goldman Sachs','Banglore',30000,1200000,'Developer ','I,J','A1',7.5,7.5,'Btceh,Mtech','2019-09-03 00:00:00','2019-09-06 00:00:00','2019-09-15 00:00:00','open','1.Adept at using at least one third party Javascript library like React, Angular 4 or Vue.js .2.Experience with version control(Git) and Linux .3.Strong verbal and written communication skills.'),(19,'KPIT','Noida',10000,600000,'Software Engineer ','I,J','A',6.5,6.5,'Btceh,Mtech','2019-09-30 00:00:00','2019-10-06 00:00:00','2019-10-15 00:00:00','open','1.Good problem solving skills..2.Good knowledge of algorithm..3.Good Programming skills C, C++,JavaScript..4.Good knowledge on Database Systems and Web Development.'),(20,'Logic fruit','Baroda',10000,600000,'Java Developer ','I,J','A',6.5,6.5,'Btceh,Mtech','2019-09-01 00:00:00','2019-09-06 00:00:00','2019-09-15 00:00:00','open','1.Good problem solving skills..2.Good knowledge of algorithm..3.Good Programming skills JAVA,C, C++,JavaScript..4.Good knowledge on Database Systems and Web Development.'),(21,'AssetTrackr Pvt Ltd','Mumbai',8000,900000,'Software Engineer ','I,J','A',7,7,'Btceh,Mtech,MscIT','2019-07-18 00:00:00','2019-07-20 00:00:00','2019-07-25 00:00:00','open','1.Good problem solving skills..2.Good knowledge of algorithm and data structure..3.Good Programming skills in either of Java, JavaScript or PHP..4.Good knowledge on Database Systems and Web Development.'),(22,'Infosys','Banglore',7000,600000,'IT Developer','J','A',7,7,'Btceh,MscIT','2019-09-23 00:00:00','2019-09-26 00:00:00','2019-10-02 00:00:00','open','1. Strong fundamentals in Algorithms, OOP concept, and Data Structure.. 2. Web fundamentals like HTML, JavaScript, and CSS .3. Server-side languages like PHP, Java, JavaScript, or .Net. 4. Database technologies like MySQL, PostgreSQL, or MongoDB. 5. API design and development'),(23,'Meditab','Hydrabad',8000,800000,'Backend','I,J','A',7.3,7.3,'Btceh,Mtech,MscIT','2019-09-27 00:00:00','2019-10-03 00:00:00','2019-10-05 00:00:00','open','1.Knowledge or experience in Java / J2EE .2.Passion towards coding .3.High energy, strong work ethic.4.Strong understanding of object oriented concepts.5.Familiarity with various design patterns HTML5, CSS3, JSP, Servlets.'),(24,'Ola','Banglore',15000,1300000,'Software Development Engineer ','J','A',7,7,'Btceh,MscIT','2019-08-15 00:00:00','2019-08-18 00:00:00','2019-08-22 00:00:00','open','1.Drive Business results at your clients through implementation of technology & business analytics.2. Work closely with Regional Managers to identify process gaps improvement potential.3.Coordinate with clients and engineering team for quality, on- time delivery of deliverables.4. Work closely with clients to understand their requirements recommend changes in our product and Work closely with the Regional Managers to meet the set objectives at each client.'),(25,'Dailyhunt','Noida',10000,600000,'Machine Learning Engineer ','I,J','A1',7.5,7.5,'Btceh,Mtech','2019-09-03 00:00:00','2019-09-06 00:00:00','2019-09-15 00:00:00','open','1.Good problem solving skills..2.Good knowledge of algorithm..3.Good Programming skills in M.L.,JAVA,Python,PHP.'),(26,'The Syntax Studio','Banglore',7000,600000,'Full Stack Developer','I','A',7,7,'Btceh,MscIT','2019-09-23 00:00:00','2019-09-26 00:00:00','2019-10-02 00:00:00','open','1. Strong fundamentals in Algorithms, OOP concept, and Data Structure.. 2. Web fundamentals like HTML, JavaScript, and CSS .3. Server-side languages like PHP, Java, JavaScript, or .Net. 4. Database technologies like MySQL, PostgreSQL, or MongoDB. 5. API design and development'),(27,'Deloitte','Banglore',12000,900000,'Analyst','I,J','A1',7.5,7.5,'Btceh,Mtech,MscIT','2019-08-18 00:00:00','2019-08-22 00:00:00','2019-08-25 00:00:00','open','1.Working effectively both independently and as a member of a cross functional team..2. Supporting the analytics needs of business by analyzing data from multiple sources including Capillary CRM data & the external data from the clients Collate the data into coherent and logical structures to produce periodic as well as one-off analyses to aid the decision makers.'),(28,'Bombardier','Pune',12000,600000,'Backend','I,J','A',6.5,6.5,'Btceh,Mtech,MscIT','2019-09-03 00:00:00','2019-09-06 00:00:00','2019-09-15 00:00:00','open','1.Interest in Node.js / Angular / React.2. Ability to manage agile product development and sprint cycles working with a team of engineers and designers.3.Excellent problem-solving, organizational and analytical skills. 4. Can work with cross-functional engineering teams & implement for scale, reliability and post-launch bug and feature cycle management . 5.Interest in developing for mobile as well as web platforms '),(29,'Coviam','Ahemdabad',15000,600000,'Software Engineer ','I','A',7,7,'Btceh,Mtech,MscIT','2019-08-18 00:00:00','2019-08-20 00:00:00','2019-08-25 00:00:00','open','1.Drive Business results at your clients through implementation of technology & business analytics.2. Work closely with Regional Managers to identify process gaps improvement potential.3.Coordinate with clients and engineering team for quality, on- time delivery of deliverables.4. Work closely with clients to understand their requirements recommend changes in our product and Work closely with the Regional Managers to meet the set objectives at each client'),(30,'OPSHUB','Ahmedabad',15000,800000,'Developer ','I,J','A',6.8,6.8,'Btceh,Mtech,MscIT','2019-08-27 00:00:00','2019-08-30 00:00:00','2019-09-03 00:00:00','open','1.Good problem solving skills..2.Good knowledge of algorithm..3.Good Programming skills NodeJS,Angular,JavaScript..4.Good knowledge on Database Systems and Web Development.'),(31,'Xion Multiventures','Pune',10000,700000,'Software Development Engineer ','J','A',7,7,'Btceh,MscIT','2019-08-15 00:00:00','2019-08-18 00:00:00','2019-08-22 00:00:00','open','1.Drive Business results at your clients through implementation of technology & business analytics.2. Work closely with Regional Managers to identify process gaps improvement potential.3.Coordinate with clients and engineering team for quality, on- time delivery of deliverables.4. Work closely with clients to understand their requirements recommend changes in our product and Work closely with the Regional Managers to meet the set objectives at each client.'),(32,'ZS Consultancy','Pune',8000,800000,'Full Stack Developer','I','A',7,7,'Btceh,Mtech,MscIT','2019-09-01 00:00:00','2019-09-06 00:00:00','2019-09-10 00:00:00','open','1. Strong fundamentals in Algorithms, OOP concept, and Data Structure.. 2. Web fundamentals like HTML, JavaScript, and CSS .3. Server-side languages like PHP, Java, JavaScript, or .Net. 4. Database technologies like MySQL, PostgreSQL, or MongoDB. 5. API design and development'),(33,'Fractal','Mumbai',9000,1100000,'Backend','I,J','A1',7.5,7.5,'Mtech,MscIT','2019-07-28 00:00:00','2019-07-30 00:00:00','2019-08-05 00:00:00','open','1.Good problem solving skills..2.Good knowledge of algorithm and data structure..3.Good Programming skills in either of Java, JavaScript or PHP..4.Good knowledge on Database Systems and Web Development.'),(34,'Optimized Solutions Pvt Ltd','Kolkata',7000,600000,'IT Developer','J','A',7,7,'Btceh,MscIT','2019-09-23 00:00:00','2019-09-26 00:00:00','2019-10-02 00:00:00','open','1. Strong fundamentals in Algorithms, OOP concept, and Data Structure.. 2. Web fundamentals like HTML, JavaScript, and CSS .3. Server-side languages like PHP, Java, JavaScript, or .Net. 4. Database technologies like MySQL, PostgreSQL, or MongoDB. 5. API design and development'),(35,'Dolcera','Jaipur',9000,800000,'Software Engineer – Search & Analytics','I','A',7,7,'Btceh,MscIT','2019-09-23 00:00:00','2019-09-26 00:00:00','2019-10-02 00:00:00','open','1. Strong fundamentals in Algorithms, OOP concept, and Data Structure.. 2. Web fundamentals like HTML, JavaScript, and CSS .3. Server-side languages like PHP, Java, JavaScript, or .Net. 4. Database technologies like MySQL, PostgreSQL, or MongoDB. 5. API design and development'),(36,'MAQ Software','Banglore',12000,900000,'Analyst','I,J','A1',7.5,7.5,'Btceh,Mtech,MscIT','2019-08-18 00:00:00','2019-08-22 00:00:00','2019-08-25 00:00:00','open','1.Working effectively both independently and as a member of a cross functional team..2. Supporting the analytics needs of business by analyzing data from multiple sources including Capillary CRM data & the external data from the clients Collate the data into coherent and logical structures to produce periodic as well as one-off analyses to aid the decision makers.'),(37,'Next Education Pvt Ltd','Ahemdabad',12000,900000,'Software Engineer ','I','A',7,7,'Btceh,Mtech,MscIT','2019-08-28 00:00:00','2019-08-30 00:00:00','2019-09-03 00:00:00','open','1.Drive Business results at your clients through implementation of technology & business analytics.2. Work closely with Regional Managers to identify process gaps improvement potential.3.Coordinate with clients and engineering team for quality, on- time delivery of deliverables.4. Work closely with clients to understand their requirements recommend changes in our product and Work closely with the Regional Managers to meet the set objectives at each client'),(38,'PlexusMD','Noida',10000,600000,'Machine Learning Engineer ','I,J','A1',7.5,7.5,'Btceh,Mtech','2019-09-03 00:00:00','2019-09-06 00:00:00','2019-09-15 00:00:00','open','1.Good problem solving skills..2.Good knowledge of algorithm..3.Good Programming skills in M.L.,JAVA,Python,PHP.'),(39,'Nagarro','Pune',12000,600000,'Backend','I,J','A',6.5,6.5,'Btceh,Mtech,MscIT','2019-09-03 00:00:00','2019-09-06 00:00:00','2019-09-15 00:00:00','open','1.Interest in Node.js / Angular / React.2. Ability to manage agile product development and sprint cycles working with a team of engineers and designers.3.Excellent problem-solving, organizational and analytical skills. 4. Can work with cross-functional engineering teams & implement for scale, reliability and post-launch bug and feature cycle management . 5.Interest in developing for mobile as well as web platforms '),(40,'Tatva Soft Pvt Ltd','Baroda',10000,600000,'Java Developer ','I,J','A',6.5,6.5,'Btceh,Mtech','2019-09-01 00:00:00','2019-09-06 00:00:00','2019-09-15 00:00:00','open','1.Good problem solving skills..2.Good knowledge of algorithm..3.Good Programming skills JAVA,C, C++,JavaScript..4.Good knowledge on Database Systems and Web Development.'),(41,'CoLive','Hydrabad',8000,800000,'Backend','I,J','A',7.3,7.3,'Btceh,Mtech','2019-10-27 00:00:00','2019-10-30 00:00:00','2019-11-05 00:00:00','open','1.Knowledge or experience in Java / J2EE .2.Passion towards coding .3.High energy, strong work ethic.4.Strong understanding of object oriented concepts.5.Familiarity with various design patterns HTML5, CSS3, JSP, Servlets.'),(42,'Logistixian','Ahemdabad',15000,600000,'Software Engineer ','I','A',7,7,'Mtech,MscIT','2019-08-18 00:00:00','2019-08-20 00:00:00','2019-08-25 00:00:00','open','1.Drive Business results at your clients through implementation of technology & business analytics.2. Work closely with Regional Managers to identify process gaps improvement potential.3.Coordinate with clients and engineering team for quality, on- time delivery of deliverables.4. Work closely with clients to understand their requirements recommend changes in our product and Work closely with the Regional Managers to meet the set objectives at each client'),(43,'Truebill','Banglore',15000,1500000,'Developer ','J','A',7,7,'Btceh,MscIT','2019-09-12 00:00:00','2019-09-19 00:00:00','2019-09-23 00:00:00','open','1.Drive Business results at your clients through implementation of technology & business analytics.2. Work closely with Regional Managers to identify process gaps improvement potential.3.Coordinate with clients and engineering team for quality, on- time delivery of deliverables.4. Work closely with clients to understand their requirements recommend changes in our product and Work closely with the Regional Managers to meet the set objectives at each client.'),(44,'P','Ahmedabad',9000,650000,'Frontend ','I,J','A1',7.2,7.2,'MscIT','2019-09-13 00:00:00','2019-09-16 00:00:00','2019-09-25 00:00:00','open','1.Good problem solving skills..2.Good knowledge of solving error..3.Good Programming skills Angular,ReactJS,NodeJS,JavaScript..4.Good knowledge on Database Systems and Web Development.'),(45,'Sprinklr India Pvt Ltd','Pune',12000,600000,'Analyst','I,J','A',6.5,6.5,'Btceh,Mtech,MscIT','2020-01-03 00:00:00','2020-01-06 00:00:00','2020-01-15 00:00:00','open','1.Interest in Node.js / Angular / React.2. Ability to manage agile product development and sprint cycles working with a team of engineers and designers.3.Excellent problem-solving, organizational and analytical skills. 4. Can work with cross-functional engineering teams & implement for scale, reliability and post-launch bug and feature cycle management . 5.Interest in developing for mobile as well as web platforms '),(46,'SAP Labs','Chennai',15000,800000,'Developer ','I,J','A',6.8,6.8,'Btceh,Mtech,MscIT','2019-08-27 00:00:00','2019-08-30 00:00:00','2019-09-03 00:00:00','open','1.Good problem solving skills..2.Good knowledge of algorithm..3.Good Programming skills NodeJS,Angular,JavaScript..4.Good knowledge on Database Systems and Web Development.'),(47,'Futures First','Banglore',30000,1500000,'Frontend ','I,J','A1',7.5,7.5,'Btceh,Mtech','2019-09-03 00:00:00','2019-09-06 00:00:00','2019-09-15 00:00:00','open','1.Adept at using at least one third party Javascript library like React, Angular 4 or Vue.js .2.Experience with version control(Git) and Linux .3.Strong verbal and written communication skills.'),(48,'Intello Labs','Mumbai',15000,1300000,'Software Development Engineer ','J','A',7,7,'Btceh,MscIT','2019-08-15 00:00:00','2019-08-18 00:00:00','2019-08-22 00:00:00','open','1.Drive Business results at your clients through implementation of technology & business analytics.2. Work closely with Regional Managers to identify process gaps improvement potential.3.Coordinate with clients and engineering team for quality, on- time delivery of deliverables.4. Work closely with clients to understand their requirements recommend changes in our product and Work closely with the Regional Managers to meet the set objectives at each client.'),(49,'Demo software Pvt. Ltd.','Delhi',15000,800000,'Mobile App Developer ','I,J','A',6.8,6.8,'Btceh,Mtech,MscIT','2019-08-27 00:00:00','2019-08-30 00:00:00','2019-09-03 00:00:00','open','1.Good problem solving skills..2.Good knowledge of algorithm..3.Good Programming skills Android,NodeJS,Angular,JavaScript..4.Good knowledge on Database Systems and Web Development.'),(50,'Dependency Pvt. Ltd.','Banglore',12000,900000,'Analyst','I,J','A1',7.5,7.5,'Btceh,Mtech,MscIT','2019-08-18 00:00:00','2019-08-22 00:00:00','2019-08-25 00:00:00','open','1.Working effectively both independently and as a member of a cross functional team..2. Supporting the analytics needs of business by analyzing data from multiple sources including Capillary CRM data & the external data from the clients Collate the data into coherent and logical structures to produce periodic as well as one-off analyses to aid the decision makers.');

/*Table structure for table `degree` */

DROP TABLE IF EXISTS `degree`;

CREATE TABLE `degree` (
  `did` int(10) NOT NULL,
  `dname` varchar(100) NOT NULL,
  PRIMARY KEY (`did`)
) ENGINE=InnoDB DEFAULT CHARSET=utf8;

/*Data for the table `degree` */

insert  into `degree`(`did`,`dname`) values (1,'B.Tech(ICT)'),(2,'B.Tech(CS)'),(3,'M.Sc.IT'),(4,'M.Tech'),(5,'M.Des');

/*Table structure for table `education` */

DROP TABLE IF EXISTS `education`;

CREATE TABLE `education` (
  `email` varchar(30) CHARACTER SET latin1 NOT NULL,
  `dname` varchar(10) NOT NULL,
  `start_year` year(4) NOT NULL,
  `end_year` year(4) NOT NULL,
  `cpi` float NOT NULL,
  `institute` varchar(50) NOT NULL,
  PRIMARY KEY (`email`,`dname`),
  KEY `dname` (`dname`),
  KEY `email` (`email`)
) ENGINE=InnoDB DEFAULT CHARSET=utf8;

/*Data for the table `education` */

insert  into `education`(`email`,`dname`,`start_year`,`end_year`,`cpi`,`institute`) values ('aditiagarval@gmail.com','HSC',2015,2016,7.6,'Jaipur School'),('aditiagarval@gmail.com','SSC',2013,2014,8.6,'Jaipur School'),('darkking@gmail.com','',0000,0000,0,''),('darkking@gmail.com','SSC',2013,2014,6.6,'jain Shah School'),('darkweb@gmail.com','HSC',2014,2016,7.6,'vallabhbhai Vidhyalay'),('darkweb@gmail.com','SSC',2013,2018,6.8,'vallabhbhai vidhyalay'),('happyjian55@gmail.com','B.C.A',2015,2018,8.9,'L.J.Institute'),('happyjian55@gmail.com','HSC',2014,2015,9,'H.J.Patel School'),('happyjian55@gmail.com','SSC',2012,2013,8.7,'H.J. Patel Institute.'),('hardkkotadiya@gmail.com','B.C.A.',2015,2018,6.9,'Shree Institute'),('hardkkotadiya@gmail.com','HSC',2014,2015,7.6,'S.I.School'),('hardkkotadiya@gmail.com','SSC',2012,2013,7.6,'S.I.School'),('harshitdesai12@gmail.com','HSC',2014,2015,6.7,'Utkarsh School'),('harshitdesai12@gmail.com','SSC',2013,2014,7.1,'Utkarsh School'),('hiteshontop@gmail.com','B.Sc.IT',2015,2018,8.6,'Atmiya Collage'),('hiteshontop@gmail.com','HSC',2014,2015,7.7,'madani School'),('hiteshontop@gmail.com','SSC',2012,2013,6.9,'madani school'),('iamshivam9@gmail.com','B.C.A.',2015,2018,8.7,'K.Y.Patel Institute'),('iamshivam9@gmail.com','HSC',2014,0000,8.3,'I.J.school'),('iamshivam9@gmail.com','SSC',2012,2013,7.9,'I.J.School'),('imhiren@gmail.com','B.Tech',2014,2018,8.8,'S.L.institute'),('imhiren@gmail.com','HSC',2015,2014,7.7,'OM School'),('imhiren@gmail.com','SSC',2012,2013,7.9,'OM School'),('imlshah@gmail.com','',0000,0000,0,''),('imlshah@gmail.com','HSC',2012,2013,6.8,'Ambani School'),('imlshah@gmail.com','SSC',2010,2011,7.9,'Ambani School'),('imrathod92@gmail.com','B.Sc.IT',2015,2018,7.6,'L.J.Institute'),('imrathod92@gmail.com','HSc',2013,2014,6.8,'Shree school'),('imrathod92@gmail.com','SSDC',2011,2013,8.6,'Shree school'),('imravan11@gmail.com','B.C.A',2015,2018,6.4,'Labhubhai Trivedi Univercity'),('imravan11@gmail.com','HSC',2014,2015,7.2,'Parimal School'),('imravan11@gmail.com','SSC',2013,2014,7.5,'Parimal School'),('imRushi87@gmail.com','B.Sc.IT',2015,2018,9.6,'National Institue'),('imRushi87@gmail.com','HSC',2013,2014,8.7,'National School'),('imRushi87@gmail.com','SSC',2011,2012,7.9,'national School'),('jigarjankar@gmail.com','HSC',2015,2016,8.6,'Shah School'),('jigarjankar@gmail.com','SSC',2013,2014,7.9,'Shah School'),('kaushalrockss@gmail.com','B.C.A.',2015,2018,8.6,'P.I.jain Institute'),('kaushalrockss@gmail.com','HSC',2014,2015,7.7,'P.K.shah School'),('kaushalrockss@gmail.com','SSC',2012,2013,8.6,'Nirmala School'),('kayalove@gmail.com','B.Tech',2014,2018,8.6,'Daheradun University'),('kayalove@gmail.com','HSC',2013,2014,8.4,'Deheradun School'),('kayalove@gmail.com','SSC',2011,2012,5.5,'Hari Om School'),('kingaayush43@gmail.com','HSC',2014,2015,8.3,'Jain vidhyalay'),('kingranveer23@gmail.com','HSC',2015,2016,8.6,'K.P.Patel Institute'),('kingranveer23@gmail.com','SSC',2013,2014,8.7,'K.P.patel Instiute'),('kishan192@gmail.com','B.Tech',2014,2018,7.9,'L.J.Institute'),('kishan192@gmail.com','HSC',2013,0000,8.8,'J.K.School of Science.'),('kishan192@gmail.com','SSC',2011,2012,7.6,'J.K.shah School'),('milansekh@gmail.com','B.Tech',2014,2018,6.9,'Atmiya Institute'),('milansekh@gmail.com','HSC',2013,2014,7.8,'S.J.Jain School'),('milansekh@gmail.com','SSC',2011,2012,8.6,'S.J.Jain School'),('ntscorpion@gmail.com','B.Tech',2014,2018,8.7,'I.O.Institute'),('ntscorpion@gmail.com','HSC',2012,2013,7.7,'Om school'),('ntscorpion@gmail.com','SSC ',2010,2011,6.8,'Om Schoool'),('priyanksinghaniya@gmail.com','HSC',2015,2016,8.6,'U.K.Jain school'),('priyanksinghaniya@gmail.com','SSC',2013,2014,7.8,'K.H.Shah School'),('rahuldhami56@gmail.com','HSC',2015,2016,7.9,'Delhi School'),('rahuldhami56@gmail.com','SSC',2013,2014,9,'Delhi School'),('sachinrocks8@gmail.com','HSC',2015,2016,7.9,'Nirmala School'),('sachinrocks8@gmail.com','SSC',2012,2013,8.6,'Atmiya School'),('shivangparmar@gmail.com','B.Tech',2014,2018,7.7,'L.J.Institute'),('shivangparmar@gmail.com','HSC',2013,2014,8.5,'J.K.Shah Institue'),('shivangparmar@gmail.com','SSC',2011,2012,6.6,'J.k.Shah School'),('utpa25trivedi@gmail.com','Btech',2014,2018,8.2,'Marwadi Univecity'),('utpa25trivedi@gmail.com','HSC',2013,2014,7.5,'Pathak School'),('utpa25trivedi@gmail.com','SSC',2012,2013,7.2,'Pathak School'),('vipul2567@gmail.com','B.C.A.',2015,2018,8.7,'J.A.Jain Institute'),('vipul2567@gmail.com','HSC',2014,2015,6.6,'S.K.School'),('vipul2567@gmail.com','SSC',2012,2013,6.6,'S.k.school'),('viralmandalia@gmail.com','B.Tech',2014,2018,8.3,'Atmiya Institute'),('viralmandalia@gmail.com','HSC',2013,2014,8.8,'S.J.Shah School'),('viralmandalia@gmail.com','SSC',2011,2012,7.5,'U.M.vidhayalay'),('vrajsharma@gmail.com','B.C.A',2015,2018,9.7,'Kolhapur University'),('vrajsharma@gmail.com','HSC',2014,2015,6.9,'Patel School'),('vrajsharma@gmail.com','SSC',2013,2014,8.7,'Patel School'),('yashvidave@gmail.com','B.C.A.',2015,2018,7.5,'Atmiya Institute'),('yashvidave@gmail.com','HSC',2014,2015,6.8,'Hari School'),('yashvidave@gmail.com','SSC',2012,2013,8.6,'Hari School');

/*Table structure for table `electives` */

DROP TABLE IF EXISTS `electives`;

CREATE TABLE `electives` (
  `eid` int(5) NOT NULL,
  `name` varchar(50) NOT NULL,
  PRIMARY KEY (`eid`)
) ENGINE=InnoDB DEFAULT CHARSET=latin1;

/*Data for the table `electives` */

insert  into `electives`(`eid`,`name`) values (1,'Object Oriented Programming'),(2,'Data Structure and Algorithms'),(3,'Database Management System'),(4,'Software Engineering'),(5,'Web vulnerablity testing'),(6,'Software Testing and Analysis'),(7,'ASP.Net'),(8,'Web Application'),(9,'System Engineering'),(10,'Open Source Programming'),(11,'Embedded System'),(12,' jj');

/*Table structure for table `examination` */

DROP TABLE IF EXISTS `examination`;

CREATE TABLE `examination` (
  `cid` int(5) NOT NULL,
  `sid` int(5) NOT NULL,
  KEY `cid` (`cid`),
  KEY `sid` (`sid`)
) ENGINE=InnoDB DEFAULT CHARSET=latin1;

/*Data for the table `examination` */

insert  into `examination`(`cid`,`sid`) values (1,10),(2,20),(3,3),(4,2),(5,4),(6,14),(7,19),(8,12),(9,11),(10,15),(11,18),(12,6),(13,1),(14,14),(15,22),(16,10),(17,6),(18,19),(19,20),(20,16),(21,2),(22,22),(23,3),(24,15),(25,8),(26,21),(27,17),(28,5),(29,24),(30,1),(31,23),(32,3),(33,22),(34,13),(35,5),(36,17),(37,9),(38,20),(39,14),(40,7),(41,9),(42,6),(43,17),(44,4),(45,12),(46,10),(47,8),(48,1),(49,18),(50,19);

/*Table structure for table `faq` */

DROP TABLE IF EXISTS `faq`;

CREATE TABLE `faq` (
  `faqid` int(11) NOT NULL,
  `question` text,
  `answer` text,
  `publish` char(1) DEFAULT NULL,
  PRIMARY KEY (`faqid`)
) ENGINE=InnoDB DEFAULT CHARSET=utf8;

/*Data for the table `faq` */

insert  into `faq`(`faqid`,`question`,`answer`,`publish`) values (1,'What are the frequent questions asked in flipkart interview for software enginnering profile?','There is a gang war going on between multiple gangs (many people & they have been fighting for some time). Police has to stop it. What will you do?” This seems really ambiguous and abstract. But later on it comes on to finding which person belongs to which gang. And ultimately its solution is related to Graphs. I wasn’t told to write the code.  ','f'),(2,'What is selection process in Delloite company?','In case of job recruitment, selection is the process to choose potential working persons for a company or organization. Deloitte Recruitment process includes a selection stage when decisions are made as to the viability of a particular candidate\'s job application. It directly affects the overall productivity of an organization. A right selection may increase the overall performance of a company & a wrong one may lead to material and financial loss. A perfect selection process can help to pick the most eligible candidates amongst all applicants. The Process of selecting candidates focuses on abilities, knowledge, skills, experience and various other related factors.\r\nStages of selection process to get recruited in Deloitte:\r\n1.Written Exam\r\n2.Deloitte Interview Process\r\n\r\nDeloitte interview process consists of Technical Interview and HR Interview. Following are the details of each phase:\r\nTechnical interview:\r\nQuestions related to specific technical fields are asked in this round. Questions may be based on specific knowledge about the company\'s technical activities; understanding of the technical work required to be completed as part of the job applied for or may enquire candidates to solve actual technical problems that they would be likely to face if employed.\r\nHR Interview:\r\nFinal step to select a candidate as an employee is Interview as it helps to determine a candidate\'s personality. Questions can be of wide range starting from your introduction, Qualification, Experience, Industry specific experience, Courses done, your strengths and weaknesses, salary expectations, friends, family etc.','t'),(4,'Which are the best comapnies for i+j for machin learning? ','Apple,\r\nAmazone,\r\nUber,\r\nQualcomm,\r\nAyasdi,\r\nDigital reasoning,\r\nDarktrace,\r\nDataiku,\r\nFacebook,\r\nFeedzai,\r\nGoogle,\r\nIBM watson.\r\n','t'),(5,'What is the percentage of girls recuiting in VISA?','30-35% out of the girls applied','f'),(6,'What are the important topics of algorithm for placement purpose?','Data Structures :\r\n\r\n1.Stack\r\n\r\n2.Queue\r\n\r\n3.Linked List\r\n\r\n4.Binary Search Tree\r\n\r\n5.Sorting (selection , bubble , insertion , quick , merge , heap)\r\n\r\n6.Linear search\r\n\r\n7.Binary Search\r\n\r\n8.Hashing\r\n\r\nAlgorithms :\r\n\r\n1.Greedy\r\n\r\n2.Graph Algorithms ( BFS , DFS)\r\n\r\n3.Dynamic Programming','t'),(7,'What is the preferrable site for apptitude learning?\r\n','www.indiabix.com\r\nwww.geeksforgeeks.com','t'),(8,'What are the main topic asked in Goldman Sachs?','Commonly Asked Questions in Goldman Sachs Interviews...\r\nReverse words in a given string,\r\nNumber Formation,\r\nOverlapping rectangles,\r\nUgly Numbers,\r\nColumn name from a given column number,\r\nStock buy and sell,\r\nNon Repeating Character,\r\nMerge Two Sorted Arrays,\r\nEgg Dropping Puzzle,\r\nSquares in N*N Chessboard,\r\nRectangles in N*N Board,\r\nWave Array,\r\nLRU Cache,\r\nGet minimum element from stack,\r\nImplement Queue using array,\r\nQueue using two Stacks,\r\nFlattening a Linked List,\r\nSum Tree,\r\nIntersection Point in Y Shapped Linked Lists,\r\nCheck for Balanced Tree,\r\nDelete without head pointer,\r\nQuick Sort,\r\nMerge Sort,\r\nBinary Tree to DLL,\r\nCoin Game Puzzle,',NULL);

/*Table structure for table `hobbies` */

DROP TABLE IF EXISTS `hobbies`;

CREATE TABLE `hobbies` (
  `hid` int(5) NOT NULL,
  `name` varchar(50) NOT NULL,
  PRIMARY KEY (`hid`)
) ENGINE=InnoDB DEFAULT CHARSET=latin1;

/*Data for the table `hobbies` */

insert  into `hobbies`(`hid`,`name`) values (1,'Coding'),(2,'Like to become quiz master in quiz competition'),(3,'Listening Music'),(4,'Playing Poker'),(5,'Listening radio'),(6,'Like to Debate'),(7,'Volleyball'),(8,'Playing Cricket'),(9,'Hacking'),(10,'Horse Riding'),(11,'Reading GK books'),(12,'Doodling'),(13,'Shooting'),(14,'Sand Art'),(15,'Paragliding'),(16,'Playing '),(17,'Playing badminton'),(18,'Mountain Biking'),(19,'Hunting'),(20,'Like to watch Web Series'),(21,'Boxing'),(22,'Like to collect different stamps'),(23,'playing Piano'),(24,'Anchoring'),(25,'Scuba Diving'),(26,'Watching Cricket Matches'),(27,'Reading love stories'),(28,'Hunting'),(29,'Playing Tennis'),(30,'Like to collect Unique SeaShell'),(31,'Writing Short Stories '),(32,'Swimming'),(33,'Gardening'),(34,'Painting'),(35,'Jogging'),(36,'Chess'),(37,'Like to collect Antique Coin'),(38,'Flying Kite'),(39,'Singing'),(40,'playing guitar'),(41,'Skydiving'),(42,'Basketball'),(43,'Reading Historical book'),(44,'Ethical Hacking'),(45,'Photography'),(46,'Drawing'),(47,'Dancing'),(48,'Surfing net'),(49,'Travelling'),(50,'Writing Poem and articles');

/*Table structure for table `interest` */

DROP TABLE IF EXISTS `interest`;

CREATE TABLE `interest` (
  `email` varchar(30) NOT NULL,
  `intid` int(5) NOT NULL,
  PRIMARY KEY (`email`,`intid`),
  KEY `email` (`email`),
  KEY `intid` (`intid`)
) ENGINE=InnoDB DEFAULT CHARSET=latin1;

/*Data for the table `interest` */

insert  into `interest`(`email`,`intid`) values ('imRushi87@gmail.com',1),('priyanksinghaniya@gmail.com',1),('iamshivam9@gmail.com',2),('darkweb@gmail.com',3),('jigarjankar@gmail',3),('darkking@gmail.com',4),('kingranveer23@gmail.com',5),('harshitdesai12@gmail.com',6),('imlshah@gmail.com',7),('kaushalrockss@gmail.com',7),('sachinrocks8@gmail.com',7),('rahuldhami56@gmail.com',8),('kaushalrockss@gmail.com',9),('kingaayush43@gmail.com',9),('aditiagarval@gmail.com',10),('imRushi87@gmail.com',10),('milansekh@gmail.com',11),('ntscorpion@gmail.com',11),('imlshah@gmail.com',12),('utpa25trivedi@gmail.com',14),('viralmandalia@gmail.com',14),('kayalove@gmail.com',15),('kishan192@gmail.com',15),('imravan11@gmail.com',16),('imRushi87@gmail.com',16),('happyjian55@gmail.com',17),('kaushalrockss@gmail.com',19),('yashvidave@gmail.com',19),('imRushi87@gmail.com',20),('sachinrocks8@gmail.com',21),('shivangparmar@gmail.com',22),('hiteshontop@gmail.com',24),('imhiren@gmail.com',25),('imrathod92@gmail.com',26),('imlshah@gmail.com',27),('vipul2567@gmail.com',28),('vrajsharma@gmail.com',28),('hardkkotadiya@gmail.com',30);

/*Table structure for table `languages` */

DROP TABLE IF EXISTS `languages`;

CREATE TABLE `languages` (
  `lid` int(5) NOT NULL,
  `name` varchar(50) NOT NULL,
  PRIMARY KEY (`lid`)
) ENGINE=InnoDB DEFAULT CHARSET=latin1;

/*Data for the table `languages` */

insert  into `languages`(`lid`,`name`) values (1,'C'),(2,'C++'),(3,'Java'),(4,'PHP'),(5,'Python'),(6,'Ruby'),(7,'Javascript'),(8,'Perl'),(9,'Objective C'),(10,'Visual Basic'),(11,'Pascal'),(12,'C#'),(13,'F#'),(14,'ShellScript'),(15,'Oracle'),(16,'R'),(17,'HTML'),(18,'CSS'),(19,'s');

/*Table structure for table `login` */

DROP TABLE IF EXISTS `login`;

CREATE TABLE `login` (
  `id` int(9) NOT NULL,
  `fname` varchar(50) NOT NULL,
  `mname` varchar(50) NOT NULL,
  `lname` varchar(50) NOT NULL,
  `dob` date NOT NULL,
  `gender` varchar(6) NOT NULL,
  `height` float NOT NULL,
  `blood_group` varchar(3) DEFAULT NULL,
  `address` varchar(500) NOT NULL,
  `password` varchar(30) NOT NULL,
  `skypeid` varchar(50) NOT NULL,
  `email` varchar(30) NOT NULL,
  `mobile` varchar(13) NOT NULL,
  `did` int(10) NOT NULL,
  `year` int(5) NOT NULL,
  PRIMARY KEY (`id`)
) ENGINE=InnoDB DEFAULT CHARSET=utf8;

/*Data for the table `login` */

insert  into `login`(`id`,`fname`,`mname`,`lname`,`dob`,`gender`,`height`,`blood_group`,`address`,`password`,`skypeid`,`email`,`mobile`,`did`,`year`) values (201610155,'Ranveer','Rakeshbhai','Singh','1997-08-25','Male',5.7,'AB+','Floor 1, Block B, Ganesha Apartment, Sabhinagar 3rd street, Muthapudupet, Avadi,Chennai, Tamil Nadu - 600 055','123456','kingranveer23@gmail.com','aniketgajjar966@gmail.com','9936282715',1,2016),(201610165,'Sachin','Darshanbhai','Sanghavi','1995-04-18','Male',5.7,'AB-','143 Hans vihar society yogi chowk, simada, Surat - 395009','sslive@24','sachinrocks8@gmail.com','sachinrocks8@gmail.com','9237840276',1,2016),(201610178,'Jigar','Tirthbhai','Joshi','1996-06-25','Male',5.9,'A+','A/73 Satellite Center, Nr mansi circle, Vastrapur, Ahmedabad 380015','jigar@jan','jigarjankar@gmail.com','jigarjankar@gmail.com','9240273291',1,2016),(201610195,'Mihir','Dipakbhai','Trivedi','1998-04-01','Male',4.8,'B+','N-32,Kunal Residency, Radhanpur Road,Mehsana-384002','mihir@smart','darkweb@gmail.com','darkweb@gmail.com','9973536482',2,2016),(201610211,'Aayush','Jainambhai','Seth','1998-09-11','Male',6,'O+','15/177, Shanti Apartment, Opp. Vardan Tower, Pragatinagar, Naranpura,Ahmedabad,Gujarat, India-380013.','aayush#king','kingaayush43@gmail.com','kingaayush43@gmail.com','9945834082',2,2016),(201610212,'Priyank','Hiteshbhai','Singhaniya','1998-02-24','Male',5.7,'O+','D/204 Narayan Avenue, near Galaxy Inn , Bhat ,Gandhinagar. Pin code:- 382428','psinghaniya@','priyanksinghaniya@gmail.com','priyanksinghaniya@gmail.com','90649235',2,2016),(201610258,'Aditi','Ketanbhai','Agarval','1996-12-31','Female',5,'B-','Flat404, 4th floor, Shree Lakshmi Apartments Sector-4, Hiran Magri Udaipur(Rajasthan)','aditi@12','aditiagarval@gmail.com','aditiagarval@gmail.com','9022737434',1,2016),(201610348,'Devang','Jiketbhai','Agarval','1997-06-11','Male',5.5,'A+','710,Manglam Metropolis Purani Chungi, Ajmer Road,Jaipur','dev@agarval','darkking@gmail.com','darkking@gmail.com','8828634744',2,2016),(201610371,'Harshit','Denishbhai','Desai','1998-05-20','Male',5.7,'AB-','A/5/66,Radhe Bunglows,Part-2,Shri Harivila C.H.S.L. , Khokhra Circle,Ahmedabad-08','@20harshit','harshitdesai12@gmail.com','harshitdesai12@gmail.com','9278635402',2,2016),(201610382,'Rahul','Malavbhai','Dhami','1998-10-28','Male',6,'O+','1158/4, Nr. Bank of India, Opp. Janta Ice Cream Corner, Sankadi Sheri, Manekchowk,Ahmedabad - 380001','rahul#main','rahuldhami56@gmail.com','rahuldhami56@gmail.com','9928474633',2,2016),(201801011,'Hiren','Manishbhai','Dave','1997-01-21','Male',5.3,'AB+','44 , Poonam Nagar , Near Vivekanand Gardan , Bhatar Road, Surat','hiren@virus','imhiren@gmail.com','imhiren@gmail.com','9083746464',4,2018),(201801028,'Utpal','Chiragbhai','Trivedi','1996-02-08','Male',5.3,'AB+','2/10,Asha App,Kiranpark,Nr.Gayatri Hospital,New Wadaj,Ahmedabad','utpal@111','utpa25trivedi@gmail.com','utpa25trivedi@gmail.com','9829389273',4,2018),(201801036,'Milan','Abhishekbhai','Sekh','1995-08-15','Male',5.9,'B+','10,Suvarnaraj Soc.,b/h shiva Park,Anand Mahel Road,Surat-395009','milan#milan','milansekh@gmail.com','milansekh@gmail.com','9793742039',4,2018),(201801054,'Nirav','Kailashbhai','Trivedi','1996-08-14','Male',5.4,'O+','89/2,Girdharnagar Society, Shahibaug, Ahmedabad-380004','@nirav@','ntscorpion@gmail.com','ntscorpion@gmail.com','9027734875',4,2018),(201801062,'Viral','Akshaybhai','Mandaliya','1994-06-13','Male',5.3,'AB+','F-40, Aakruti society, Opposite Aditya Plaza, Near Jodhpur Char Rasta, Satellite,Ahmedabad-380015','v@mandaliya','viralmandalia@gmail.com','viralmandalia@gmail.com','9028373464',4,2018),(201801066,'Lakshman','divyeshbhai','Shah','1997-09-19','Male',5.2,'B+','A-2 Bhagyalaxmi App, Near Municipal Garden, Vasna, Ahmedabad, Gujarat, 380007','laki@shah','imlshah@gmail.com','imlshah@gmail.com','9977372454',4,2018),(201801074,'Shivang','Dilipbhai','Parmar','1997-08-25','Male',5.5,'A-','Near Taluka Panchayat Office, Jam-Khambhaliya, 361-305.','pshiva@44','shivangparmar@gmail.com','shivangparmar@gmail.com','8450924848',4,2018),(201801080,'Kishan','Kirtibhai','Bhatt','1998-09-25','Male',5.8,'B+','Hariom Society, Katargam Surat, Gujarat - 04','kishan@12sharma','kishan192@gmail.com','kishan192@gmail.com','9234456140',4,2018),(201801086,'Kaya','Sureshbhai','Saksena','1995-07-03','Female',4.7,'AB-','D103, Shree Rang Nanocity 2,Sargaasan,Gandhinagar-382421','kaya$kaya','kayalove@gmail.com','kayalove@gmail.com','8866253794',4,2018),(201812002,'Vicky','Nareshbhai','Kaushal','1999-01-07','Male',5.8,'B+','3/4 Vitrag Society, P.t. college road, Paldi,Ahmedabad-380007','vicky#71','kaushalrockss@gmail.com','kaushalrockss@gmail.com','9892389273',3,2018),(201812004,'Hardikaf','Ketanbhai','Kotadiya','1998-02-22','male',5.9,'b+','7/74 Poojan Apartment B/H Jivraj Mehta Hospital,Vasna,Ahmedabad-380007','Admin@12345','hardkkotadiya@gmail.com','hardkkotadiya@gmail.com','8708237364',1,2016),(201812033,'Jaimin','Arvindbhai','Oza','1998-10-05','Male',6,'O-','911/1,Opp Ramji Mandir,Ramnagar,Sabarmati,Ahmedabad 380005.','#oza123j','imravan11@gmail.com','imravan11@gmail.com','9907238945',3,2018),(201812042,'Vraj','Dipenbhai','Sharma','1997-03-15','Male',5.2,'O+','J.P Singhal house , station road Barmer , Rajasthan , 344001','vraj#999','vrajsharma@gmail.com','vrajsharma@gmail.com','8037328139',3,2018),(201812048,'Yashvi','Kishorbhai','Dave','1995-06-16','Female',4.9,'A+','B-404 , merumount plaza homes,new naroda,nikol,ahmedabad','dave@y89','yashvidave@gmail.com','yashvidave@gmail.com','9972536182',3,2018),(201812054,'Rushi','Ajitbhai','Mehta','1999-03-23','Male',6,'B+','85 -A Godavripark Society, Yogichowk, Puna-Simada Road, Surat,Gujarat Pin-395010','rushi#233','imRushi87@gmail.com','imRushi87@gmail.com','9973646450',3,2018),(201812073,'Hitesh','Bharatbhai','Trivedi','1997-04-15','Male',5.7,'A-','B/3 SUVAS APARTMENT, SUVAS COLONY, VIMAL HOUSE ROAD, NAVRANGPURA,AHMEDABAD-380014','hitesh@rock','hiteshontop@gmail.com','hiteshontop@gmail.com','8043752382',3,2018),(201812088,'Shivam','Mayurbhai','Saksena','1998-03-08','Male',5.6,'AB-','A-40,Prathna Bunglows,Saraspur,Ahmedabad-380018','sivam@31','iamshivam9@gmail.com','iamshivam9@gmail.com','9882322140',3,2018),(201812091,'Keyur','Jaybhai','Rathod','1994-05-02','Male',5.2,'O-','1077, Tirth Society, Sarangpur, Ahmedabad 380001','keyur#r#','imrathod92@gmail.com','imrathod92@gmail.com','8450834722',3,2018),(201812114,'Vipul','Jigneshbhai','Shrivastav','1995-08-15','Male',5.7,'A-','G/403 Suvidhi tower near gyanda society jivarajpark ahmedabad-380051','vipul@main','vipul2567@gmail.com','vipul2567@gmail.com','8043842782',3,2018),(201812115,'Jian','Shashankbhai','Sharma','1996-03-19','Male',5.7,'AB+','B-103, Om Apartment , Opp. HP petrol pump , Kudasan, Gandhinagar.','jian@12','happyjian55@gmail.com','happyjian55@gmail.com','9882322140',3,2018);

/*Table structure for table `material` */

DROP TABLE IF EXISTS `material`;

CREATE TABLE `material` (
  `link` varchar(255) NOT NULL,
  `sid` int(11) NOT NULL,
  PRIMARY KEY (`link`,`sid`)
) ENGINE=InnoDB DEFAULT CHARSET=utf8;

/*Data for the table `material` */

insert  into `material`(`link`,`sid`) values ('https://www.geeksforgeeks.org/advanced-computer-subjects-tutorials/#dip',23),('https://www.geeksforgeeks.org/advanced-computer-subjects-tutorials/#dw',24),('https://www.geeksforgeeks.org/c-plus-plus/',5),('https://www.geeksforgeeks.org/c-programming-language/\r\n',4),('https://www.geeksforgeeks.org/compiler-design-tutorials/',16),('https://www.geeksforgeeks.org/computer-network-tutorials/',15),('https://www.geeksforgeeks.org/computer-organization-and-architecture-tutorials/',18),('https://www.geeksforgeeks.org/csharp-programming-language/',7),('https://www.geeksforgeeks.org/css-tutorials/',13),('https://www.geeksforgeeks.org/data-structures/',1),('https://www.geeksforgeeks.org/dbms/',2),('https://www.geeksforgeeks.org/fundamentals-of-algorithms/',24),('https://www.geeksforgeeks.org/html-tutorials/',12),('https://www.geeksforgeeks.org/java/',3),('https://www.geeksforgeeks.org/javascript-tutorial/\r\n\r\n',9),('https://www.geeksforgeeks.org/jquery-tutorials/',10),('https://www.geeksforgeeks.org/machine-learning/',22),('https://www.geeksforgeeks.org/operating-systems/',14),('https://www.geeksforgeeks.org/php/',8),('https://www.geeksforgeeks.org/python-programming-language/',6),('https://www.geeksforgeeks.org/software-engineering/',19),('https://www.geeksforgeeks.org/sql-tutorial/',11),('https://www.geeksforgeeks.org/theory-of-computation-automata-tutorials/',17),('https://www.geeksforgeeks.org/web-technology/',20);

/*Table structure for table `personal_info` */

DROP TABLE IF EXISTS `personal_info`;

CREATE TABLE `personal_info` (
  `sname` varchar(50) NOT NULL,
  `email` varchar(30) NOT NULL,
  `dob` date NOT NULL,
  `address` varchar(500) NOT NULL,
  PRIMARY KEY (`email`)
) ENGINE=InnoDB DEFAULT CHARSET=latin1;

/*Data for the table `personal_info` */

insert  into `personal_info`(`sname`,`email`,`dob`,`address`) values ('Aditi Agarval','aditiagarval@gmail.com','1996-12-31','Flat404, 4th floor, Shree Lakshmi Apartments Sector-4, Hiran Magri Udaipur(Rajasthan)'),('Devnag Agarval','darkking@gmail.com','1997-06-11','710,Manglam Metropolis Purani Chungi, Ajmer Road,Jaipur'),('Mihir Trivedi','darkweb@gmail.com','1998-04-01','N-32,Kunal Residency, Radhanpur Road,Mehsana-384002'),('Jian Sharma','happyjian55@gmail.com','1996-03-19','B-103, Om Apartment , Opp. HP petrol pump , Kudasan, Gandhinagar.'),('Hardik Kotadiyad','hardkkotadiya@gmail.com','1998-02-28','value=\"7/74 Poojan Apartment B/H Jivraj Mehta Hospital,Vasna,Ahmedabad-380007\"asdsad'),('Harshit Desai','harshitdesai12@gmail.com','1998-05-20','A/5/66,Radhe Bunglows,Part-2,Shri Harivila C.H.S.L. , Khokhra Circle,Ahmedabad-08'),('Hitesh Trivedi','hiteshontop@gmail.com','1997-04-15','B/3 SUVAS APARTMENT, SUVAS COLONY, VIMAL HOUSE ROAD, NAVRANGPURA,AHMEDABAD-380014'),('Shivam Saksena','iamshivam9@gmail.com','1998-03-08','A-40,Prathna Bunglows,Saraspur,Ahmedabad-380018'),('Hiren Dave','imhiren@gmail.com','1997-01-21','44 , Poonam Nagar , Near Vivekanand Gardan , Bhatar Road, Surat'),('Lakshman shah','imlshah@gmail.com','1997-09-19','A-2 Bhagyalaxmi App, Near Municipal Garden, Vasna, Ahmedabad, Gujarat, 380007'),('Keyur Rathod','imrathod92@gmail.com','1994-05-02','1077, Tirth Society, Sarangpur, Ahmedabad 380001'),('Jaimin Oza','imravan11@gmail.com','1998-10-05','911/1,Opp Ramji Mandir,Ramnagar,Sabarmati,Ahmedabad 380005.'),('Rushi Mehta','imRushi87@gmail.com','1999-03-23','85 -A Godavripark Society, Yogichowk, Puna-Simada Road, Surat,Gujarat Pin-395010'),('Jigar Joshi','jigarjankar@gmail.com','1996-06-25','A/73 Satellite Center, Nr mansi circle, Vastrapur, Ahmedabad 380015'),('Vicky Kaushal','kaushalrockss@gmail.com','1999-01-07','3/4 Vitrag Society, P.t. college road, Paldi,Ahmedabad-380007'),('Kaya Saksena','kayalove@gmail.com','1995-07-03','D103, Shree Rang Nanocity 2,Sargaasan,Gandhinagar-382421'),('Aayush Seth','kingaayush43@gmail.com','1998-09-11','15/177, Shanti Apartment, Opp. Vardan Tower, Pragatinagar, Naranpura, Ahmedabad,Gujarat, India-380013.'),('Ranveer Singh','kingranveer23@gmail.com','1998-05-09','Floor 1, Block B, Ganesha Apartment, Sabhinagar 3rd street, Muthapudupet, Avadi,Chennai, Tamil Nadu - 600 055'),('Kishan Bhatt','kishan192@gmail.com','1998-09-25','Hariom Society, Katargam Surat, Gujarat - 04'),('Milan Sekh','milansekh@gmail.com','1999-07-05','10,Suvarnaraj Soc.,b/h shiva Park,Anand Mahel Road,Surat-395009'),('Nirav Trivedi','ntscorpion@gmail.com','1996-08-14','89/2,Girdharnagar Society, Shahibaug, Ahmedabad-380004'),('Priyank Singhaniya','priyanksinghaniya@gmail.com','1998-02-24','D/204 Narayan Avenue, near Galaxy Inn , Bhat ,Gandhinagar. Pin code:- 382428'),('Rahul Dhami','rahuldhami56@gmail.com','1998-10-28','1158/4, Nr. Bank of India, Opp. Janta Ice Cream Corner, Sankadi Sheri, Manekchowk,Ahmedabad - 380001'),('Sachin Sanghvi','sachinrocks8@gmail.com','1995-04-18','143 Hans vihar society yogi chowk, simada, Surat - 395009'),('Shivang Parmar','shivangparmar@gmail.com','1997-08-25','Near Taluka Panchayat Office, Jam-Khambhaliya, 361-305.'),('Utpal Trivedi','utpa25trivedi@gmail.com','1996-02-08','2/10,Asha App,Kiranpark,Nr.Gayatri Hospital,New Wadaj,Ahmedabad'),('Vipul Shrivastav','vipul2567@gmail.com','1995-08-15','G/403 Suvidhi tower near gyanda society jivarajpark ahmedabad-380051'),('Viral Mandaliya','viralmandalia@gmail.com','1994-06-13','F-40, Aakruti society, Opposite Aditya Plaza, Near Jodhpur Char Rasta, Satellite,Ahmedabad-380015'),('Vraj Sharma','vrajsharma@gmail.com','1997-03-15','J.P Singhal house , station road Barmer , Rajasthan , 344001'),('Yashvi Dave','yashvidave@gmail.com','1995-06-16','B-404 , merumount plaza homes,new naroda,nikol,ahmedabad');

/*Table structure for table `professional_experience` */

DROP TABLE IF EXISTS `professional_experience`;

CREATE TABLE `professional_experience` (
  `email` varchar(30) NOT NULL,
  `description` text,
  PRIMARY KEY (`email`),
  KEY `email` (`email`)
) ENGINE=InnoDB DEFAULT CHARSET=latin1;

/*Data for the table `professional_experience` */

insert  into `professional_experience`(`email`,`description`) values ('imlshah@gmail.com','Worked at hotel Regenta in food and beverages department for 2 months.\r\n'),('imrathod92@gmail.com','Worked at Brain Infotech as web development for 3 months.'),('imravan11@gmail.com','Worked in Archive Soft design at vadodara for 2 months.'),('kishan192@gmail.com','Worked at Direct Dabit System as software Engineer for 3 months.'),('vrajsharma@gmail.com','Worked at department of technical education for 4 months');

/*Table structure for table `programming_languages` */

DROP TABLE IF EXISTS `programming_languages`;

CREATE TABLE `programming_languages` (
  `email` varchar(30) NOT NULL,
  `lid` int(5) NOT NULL,
  PRIMARY KEY (`email`,`lid`),
  KEY `email` (`email`),
  KEY `lid` (`lid`)
) ENGINE=InnoDB DEFAULT CHARSET=latin1;

/*Data for the table `programming_languages` */

insert  into `programming_languages`(`email`,`lid`) values ('aditiagarval@gmail.com',1),('harshitdesai12@gmail.com',1),('imrathod92@gmail.com',1),('imRushi87@gmail.com',1),('kingranveer23@gmail.com',1),('milansekh@gmail.com',1),('vipul2567@gmail.com',1),('aditiagarval@gmail.com',2),('imrathod92@gmail.com',2),('imravan11@gmail.com',2),('milansekh@gmail.com',2),('shivangparmar@gmail.com',2),('vipul2567@gmail.com',2),('aditiagarval@gmail.com',3),('imhiren@gmail.com',3),('ntscorpion@gmail.com',3),('utpa25trivedi@gmail.com',3),('vipul2567@gmail.com',3),('aditiagarval@gmail.com',4),('iamshivam9@gmail.com',4),('ntscorpion@gmail.com',4),('vrajsharma@gmail.com',4),('darkking@gmail.com',5),('iamshivam9@gmail.com',5),('jigarjankar@gmail',5),('kingaayush43@gmail.com',5),('ntscorpion@gmail.com',5),('imlshah@gmail.com',6),('viralmandalia@gmail.com',6),('yashvidave@gmail.com',6),('kayalove@gmail.com',7),('kingranveer23@gmail.com',7),('priyanksinghaniya@gmail.com',7),('yashvidave@gmail.com',7),('happyjian55@gmail.com',8),('kayalove@gmail.com',8),('kingaayush43@gmail.com',8),('milansekh@gmail.com',8),('priyanksinghaniya@gmail.com',8),('darkweb@gmail.com',9),('hiteshontop@gmail.com',9),('harshitdesai12@gmail.com',10),('iamshivam9@gmail.com',10),('imrathod92@gmail.com',11),('kishan192@gmail.com',11),('imrathod92@gmail.com',12),('imravan11@gmail.com',12),('darkweb@gmail.com',13),('kaushalrockss@gmail.com',13),('kingranveer23@gmail.com',14),('vrajsharma@gmail.com',14),('darkking@gmail.com',15),('hardkkotadiya@gmail.com',15),('imhiren@gmail.com',15),('kishan192@gmail.com',15),('imlshah@gmail.com',16),('jigarjankar@gmail',16),('viralmandalia@gmail.com',16),('rahuldhami56@gmail.com',17),('sachinrocks8@gmail.com',17),('happyjian55@gmail.com',18),('imRushi87@gmail.com',18),('hardkkotadiya@gmail.com',19),('happyjian55@gmail.com',49);

/*Table structure for table `project` */

DROP TABLE IF EXISTS `project`;

CREATE TABLE `project` (
  `pid` int(5) NOT NULL,
  `name` varchar(50) NOT NULL,
  `language` varchar(100) NOT NULL,
  `description` varchar(1000) NOT NULL,
  `guide` varchar(50) NOT NULL,
  `start` date NOT NULL,
  `end` date NOT NULL,
  `team` int(2) NOT NULL,
  PRIMARY KEY (`pid`)
) ENGINE=InnoDB DEFAULT CHARSET=latin1;

/*Data for the table `project` */

insert  into `project`(`pid`,`name`,`language`,`description`,`guide`,`start`,`end`,`team`) values (1,'KBC Game','C#','A Second year (fourth semester) project with visual basic as a primary language, I handled the work of Back-end coding for the working of application.','Prof. Anjali Bobra','2016-08-02','2016-11-10',5),(2,'Smart Dustbin','Embedded System','A Project developed for college competition on embedded systems, I worked on Hardware designing and system coding using various sensor compatibilities.','Prof. Poonam Dang','2017-01-02','2017-03-10',5),(3,'Canteen Automation System','Android','Final Year Project, A project with a package of Hardware System, android application and Admin side website developed for GS UNIVERSITY canteen. I worked on Hardware and Android app for their designing and coding.','Prof. Disha Shah','2017-07-02','2018-04-10',3),(4,'Automatic Attendance System','JAVA,Raspery PI','A project developed at Gujarat Hackathon. It was about to capture attendance through App using Wi-Fi and Face Recognition Technology, I Handled the work of Application and Server side Coding.','Prof. Disha Shah','2017-11-02','2018-04-10',6),(5,'Social Sync','PHP Laravel and MYSQL','A Webapp that allows you to post to your synced social accounts at the same time. You just add different social accounts of facebook, instagram, linkedlin, twitter, vimeo, pinterest. Then you add the pictures that you want to post,you select time and date and frequency. You can hold online coding interviews just like it works in hackerrank and hackerearth. It also gives the live chat feature between admin and client built using firebase. It uses various APIs of Facebook, Instagram,Linkedin, Pinterest, Vimeo, We implmeneted the payment gateway using Payumoney. Posts are posted automatically to users account by using the cron-jobs.','Mr.Paresh Chauhan','2017-06-17','2018-06-10',2),(6,'BCCI','VB.NET and SQL sever','Desktop based application for Board of Control for Cricket in India. It gives all the functionalities such as add player,view records,view running match, add stadiums, add management, book tickets, print tickets, FAQ. This also books tickets generate the prints. It also have the feature for the question of the day.','Ms.Leesa John','2017-01-02','2017-04-10',3),(7,'Facebook','ASP.NET and SQL server','A website quite similar to facebook which connects people, create posts, post pictures, send friend requests, like the posts and add pages built using ASP.NET with SQL-server. It also has the feature of removing friend requests and adding wall photos. You can add pages of different categories.','Ms.Leesa John','2017-06-02','2017-11-10',5),(8,'Contact Book','PHP','A contact book that allows you to add people as contacts who are important to you built using Core PHP with Mysql as database. It gives searching facilities and also mailing facility. User can also add pictures. User can search the contacts.','Mr.Paresh Chauhan (Creative Web Infotech)','2017-08-02','2017-10-10',1),(9,'Shopping Bag','ReactJS','A small project of shopping bag which allows you to add items of different categories. You can add, increment, delete the products. At last, you can also see the grand total.','','2018-08-02','2018-08-10',3),(10,'Travel Information and Management System','PostgreySQL','A DBMS project which gives facility to book the tickets, choose the packages, make payments, selects offers, select services like insurance and hotels. This will help users to see their travel at one place. thier all tickets, th ier previous records, thier choosen packages. This is developed using PostgreSQL.','Prof. Amit Mankodi','2018-08-02','2018-10-10',4),(11,'Admin-Client Chat in Social Sync','AngularJS and Firebase','The chat module for communication between admin and client. It uses NoSql Database. The whole thing is implemented in SocialSync mentioned above.','Krunal Danej,','2018-01-02','2018-04-10',2),(12,'E-Learn','PHP-codeigniter, mysql','Learning system with combination of features from stackoverflow, sololearn, w3school with online code execution, M2N video call, polling, Question and Answers, Courses and articles etc.','','2018-02-02','2018-05-10',6),(13,'Shilprachna Training Institute','PHP','Developed a website that includes information sharing of institute in form of pictures, videos, articles and blogs, also added support for Gujarati Languagae.','Parvez khan','2017-11-02','2017-12-10',2),(14,'Sneer Me','PHP','Using statistical techniques to track and store user interaction .Predicting and preventing user from wasting time on unnecessary activities.','Prof. Beena Mehta','2019-02-02','2019-03-02',3),(15,'C','New Home: A Space Adventure','Developed a procedurally generated game world with ship control mechanics using Unity Engine.Published on Play Store with leaderboards.','Prof. Juned Shah','2017-01-02','2017-04-10',5),(16,'C#','Forget Me Not – Anniversary List','Features including store and access multiple birthdays and anniversaries with pictures, send message, flowers and cake for specific event.Implemented SQLite database and Google Drive API; also published on Play Store.','Prof. Ajay Thakur','2017-07-02','2017-11-10',6),(17,'Election System','PHP and SQL','An online web based election system developed in Core PHP and MySQL. It can be used to take medium size multiple elections at a time in schools, universities and businesses to get people’s opinions.','Prof. Amit Bhatt','2018-06-02','2018-11-10',2),(18,'Weather App','Android','A small Android app that shows detailed weather info using a free API of openweathermap.org.','Prof. Gagan Hooda','2018-01-02','2018-04-10',3),(19,'Label printer','ASP.NET','I wrote this Python program for a wood working factory, it creates appropriate labels for wood sheets. It reads order data from XLS files and creates PDF file with 8x3 labels in each A4 size pages. That PDF can be easily printed on a sticker sheet. It made their work easier, each label displays proper graphics about where and how to drill and cut any sheet and also shows measurements of length, width and edge bending of that sheet.','prof. Reema Patel','2018-06-02','2018-09-10',4),(20,'DSAonC','C','Main objective of this project was to implement all the possible data structure and common algorithm in C Language and Making a Library that can be used by other developers. We have implemented Array List, Linked List, Stack, Queue, BST, AVL Tree, Graph, Heap, Different Sort and Search Algorithms.','Prof. Chandan Gautam','2017-01-02','2017-04-10',3),(21,'Movies Database','PostgreySQL','Main purpose of this project was to learn PostgreSQL by using it to design complex database structure.We have made a movies database in PostgreSQL that is able to store almost all the information about movies, producers, actors, production companies, casting, year, budget etc.','Prof. Kunal Saxena','2018-08-02','2018-10-10',4),(22,'Zaayka','PHP ,MYSQL,Jquery','Zaayka is a website where users can share their innovative recipes. Users can share their articles in the text/image/video format, follow-unfollow other users, save favorite recipes, create a playlist, add recipes to watch later, maintain history, and also Participate in various competitions.','Prof. Ajay Tomar','2018-01-02','2018-04-10',2),(23,'Sci-Lab','JAVA','Me and my team made this project for hackathon organized by DA-IICT, during iFest. Lab projects of standard 1-12 are uploaded on the site by admin, and users can see the video of experiments which they only read in books.','Prof. Vijay Sharma','2016-10-02','2017-01-10',6),(24,'Automatic Time-table generator','JAVA and SQL','This system is being designed and developed to generate time-table when programs, courses, professor, classrooms, class strength, course credits, course type(core/elective) are given as input.','Prof. Meet Kamani','2017-01-02','2017-03-10',4),(25,'R.Wadiwala Customer Care System','C#.NET and MYSQL','R. Wadiwala group offers various products/services like demate, equity, trading, mutual fund, smart SIP,Advisory PMS, etc. Objective of this system is to develop help desk system for their customers where customer can log their request/query by phone or online website. System should track status each request and generate various MIS reports. So, that customer interaction can be easily maintained.Customer can see current status of their request. System User of this system can issue account opening application(AOA) form along with power of attorney(POA) for client through relationship managers.Technology','Prof. Jiya Joshi','2018-06-02','2018-09-10',5),(26,'Direct Debit System','C#.NET and SQL','This Project is basically to automate various processes of R. Wadiwala customer. R. Wadiwala group offers various products/services like demit, equity, trading, mutual fund, smart SIP, Advisory PMS, etc.Objective of this system is to develop help desk system for their staff where customer can register their mandates and can check response provided by their bank. Another Objective of this system is to develop help desk system for their staff where transaction from registered bank can be done by the system user according to their registered mandates.Technology','Prof. Parvez Khan','2017-01-02','2017-04-10',2),(27,'Buzzibarter','AngularJS','It is an online E-Auction website of unused websites,domains and mobile applications based on PHP. In this application user can upload their unused website, domain name and application. Interested users will bid on product of their choice.And can get their wanted websites, domain name and application at effective price on this website.','Prof. Gaurav Pandya','2018-08-02','2018-10-10',1),(28,'Placement management system','PostgreySQL','It is database management system designed to manage company and candidates information. In the project my role is to design the logical base of database and implementation of the logical part.','Prof. Jeet Jamvala','2018-01-02','2018-04-10',3),(29,'Strong Password Generator','C','The following was based on C language. This application not only creates strong password but also checks that the password you are willing to use is strong or not.','Prof. Beena Raval','2016-10-02','2017-01-10',2),(30,'Medsky','Android','Mobile Application that stores the prescriptions and other medical reports written by doctors to their patients.This app stores all the data of patient in database and displays those data in patient`s mobile app.This app also facilitates user to add reminder of their medicines to mobile with one click.This app also publishes current health issues and blogs in app.We had also made one website in this project which provides interface to doctor to insert prescriptions and other medical reports of patient in patient account.','Prof. Lalit Upadhyay','2017-01-02','2017-03-10',8),(31,'Shopping Kart','C#','This is e-commerce shopping site .','Prof. Nirmesh Shah','2018-06-02','2018-09-10',2),(32,'XP Watches','PHP','Project was based on php technology and had watches to sell only above the price of 10 lakh. The project was a minor project for my college evaluation.','Prof. Rahul Mehta','2018-06-02','2018-11-10',4),(33,'College Portal','PHP','project was based on php technology and was equipped with all the new features that faculty wanted us to have it in there.It was the major ptoject for my college evauation .','Prof. Jigar Joshi','2017-01-02','2017-04-10',5),(34,'Court Case Management','PostgreySQL','A database project done on postgres SQL and java. Different new features which the existing court website dosent support, to make it more convinent for the user.','Prof. Amit Mankodi','2018-01-02','2018-04-10',2),(35,'RamblingPromise','Laravel','It is a web based application on online booking of tours and customized packages, where user can book the tour and can also customize their own tour package','Prof. Pooja Tripathi','2016-10-02','2017-01-10',2),(36,'Society Management System','PHP','The following project was a database management system. In this system. we can manage the information of tenants and owners, also we can manage maintenance and home transfer stuff in this database.','Prof. Bhuvan Milan','2018-08-02','2018-10-10',1),(37,'Banking Management System','C language','It is a C language based application in which we can manage all the banking related transactions like, creating new account, update, balance management, FDs etc.','Prof. Raxit Dholakiya','2016-10-02','2017-01-10',6),(38,'Nikunj Garments','CodeIgnitor MVC','Nikunj Garments is a website which help customers to view the products. It allows user to like and review product. And it also allows administrator to add and update their products. I am currently working on this project as full stack developer using CodeIgniter MVC framework.','Prof. Rihan Joshi','2018-06-02','2018-09-10',4),(39,'Lets Teach','PHP','Lets Teach is a website which help Students and Tutor to interact with each other. It allows tutor to share their knowledge with students. And allow students to access articles shared by tutors. I was the team leader and worked as full stack developer.','Prof. Vidhi Patel','2017-01-02','2017-04-10',2),(40,'Kant Kopy','JAVA','The software scans the documentation of the final years project and checks over the previous year’s projects and college repository for plagiarism.The software used various algorithms for the extraction and comparison of the text and images and generate the detailed report of it.','Prof. Mukul Hooda','2018-01-02','2018-04-10',3),(41,'RFID Payment Solutions','AngularJS,JavaScript','A software solution where a RFID card can be used for payment at multiple services like food stalls, gaming stations, stores, etc at any shopping center, parks, events etc.','Prof. Sujata Mishra','2018-01-02','2018-04-10',3),(42,'Fill n Bill','C#.NET','Fast billing system for petrol pumps where a desktop application which quickly and accurately prints the bill and generates the reports for the petrol pumps.','Prof. Rohit Sharma ','2017-01-02','2017-04-10',4),(43,'XIM','JavaScript,ReactJS','A website customizing tool to make your website.It is a web application where user can develop you own responsive website and customize from the per designed templates according to the user’s requirements.','Prof. Mahesh Bhupati ','2018-08-02','2018-10-10',5),(44,'Soil Moisture Meter','PHP','A software which detects the moisture level of the soil. Currently developing a software where the person gets notified when the moisture level of the crop decreases from a certain level','Prof. Kartik Doshi','2017-06-02','2017-11-10',6),(45,'Spothole','Android','A crowd sourced android application which spots potholes on the road.Developing an application where user can find the fast and smooth way by avoiding the potholes on the route to the destination.The application will also allow the user to report a pothole if he finds anywhere and his request would be verified and updated on the app.','Prof. Virat Garg','2018-01-02','2018-04-10',2),(46,'HeraFeri','JAVA','It is a Packers and Movers System. It had two interface, one for customers and other for packers and movers.It is a Web Development Project done using Java.','Prof. Mahendra Singh','2017-06-02','2017-11-10',1),(47,'Kurmi Samaj Baroda','PHP','Kurmi Samaj is a society of people all around the country they wanted to maintain and analyze the data of members of the society branch of vadodara. The Web portal gives information about the KurmiSamaj,their upcoming/ongoing events and also the details of the members currently under the vadodara branch','Prof. Pankaj Chauhan','2018-06-02','2018-09-10',4),(48,'Sahjanand Saw Mills','Android','An android application providing solution if the daily woodcutting and current wood stock in the mill. Mr Sahjanand wanted a solution which gives him daily track of activities and how much of stock is inbound and also the measurement of the wood blocks in Cubic-Meter. The data was stored in MySql Server using Servlet 3.0 as a backend technology.','Prof. Piyush Mandaliya','2017-06-02','2017-11-10',2),(49,'Content management system','Wordpress','Link is livingwatersmuseum.org. Technology is WordPress . Modules are category wise story display audio in background and alphabetical sorting and category wise','Prof. Mohan Pandya ','2017-01-02','2017-04-10',3),(50,'Vehicle management system - database design','PostgreySQL','Project is about providing different types vehicle like bus, truck and car with offers to special customers.We also generate reports like top customers , highest month sale , etc.','Prof.Viraj Shingala','2018-08-02','2018-10-10',6),(51,'Content Management System - Copy of Olx','PHP,MYSQL','It has Modules like Mobile No. verification , categories wise product display ,Feedback , user can add product.','Prof. Karishma Patel','2018-01-02','2018-04-10',3),(52,'Restaurant Management System','HTML5,CSS3,BootStrep','Restaurant Management System based on intranet. The captain take an order on Tablet for the particular table and that order screen connected with kitchen screen and Managers screen. When order will update on the table it will automatically updated in managers screen so manager can easily make the bill of particular table. For the Web page i used HTML5, CSS3, basic template and for database i used MySQL.','Prof. Jatin Jain','2017-06-02','2017-11-10',1);

/*Table structure for table `responsibility` */

DROP TABLE IF EXISTS `responsibility`;

CREATE TABLE `responsibility` (
  `rid` int(5) NOT NULL,
  `name` varchar(500) NOT NULL,
  PRIMARY KEY (`rid`)
) ENGINE=InnoDB DEFAULT CHARSET=latin1;

/*Data for the table `responsibility` */

insert  into `responsibility`(`rid`,`name`) values (1,'Member of Student Placement Cell, DAIICT from 26th Nov,2018.'),(2,'Member of Student Council in Bachelors, VNSGU surat for Jun,2015 to Jun,2016.'),(3,'Represented department in NAAC Accredition in 2017.'),(4,'Convener of Mathematics and Logic club, Jaipur College'),(5,'Event Manager at DCEI(DA-IICT Centre for Entrepreneurship and Incubation) in DA-IICT, Gandhinagar'),(6,'Coordinator of TIC-TECH-TOE Hackathon 2018 held at DA-IICT, Gandhinagar'),(7,'General Coordinator of Concours 2018 held at DA-IICT, Gandhinagar'),(8,'Core Committee Member of Annual Festival Committee of DA-IICT'),(9,'Coordinator of Professional Guidance Festival (PGF) -2018'),(10,'General Coordinator of Synapse 2019 held at DA-IICT, Gandhinagar'),(11,'Head of annual cultural event TRIFEST'),(12,'Co-ordinator of IFEST 2018 held at DAIICT'),(13,'Group Event Coordinator for 2nd largest evnet FootLoose of Synapse19, Annual Fest of DAIICT.'),(14,'Organized many classes on topics such as abstract algebra, logic,programming and discrete structures.'),(15,'Organized a 7-day game development workshop.'),(16,'Organized a one-day Data Analysis using SPSS and R workshop.'),(17,'Deputy Convener of Debate Club.'),(18,'Group Event Coordinator for largest event Rampage of Synapse 19, Annual Fest of DAIICT.'),(19,'General Coordinator of Concers 2019 held at DA-IICT, Gandhinagar'),(20,'Coordinator of Winter school on 5G Communication 2018 held at DA-IICT, Gandhinagar'),(21,'Techinical Coordinator in the Annual Technical Fest ,DDU Nadiyad'),(22,'General Coordinator of Nivida AI workshop 2019,DAIICT'),(23,'Treasurer of SBG , DAIICT'),(24,'Deputy Convener of Theater Club'),(25,'Convener of Synapse Commity'),(26,'Coordinator of Googling event in IFEST, DAIICT'),(27,'Coordinator of Google event in Collage, AITS'),(29,'Member in Programming Club , DAIICT'),(30,'Leader in Treasure Hunt Event'),(31,'RJ in Radio Club , DAIICT'),(32,'Leader in Collage Project'),(33,'Caption in collage Cricket Team'),(34,'Coordinator of Google event in , DAIICT'),(35,'Coordinator of IEEE event , DAIICT'),(36,'Volenteer in Tacyon 2019 event , DAIICT'),(37,'Class Prefect for consecutivly 3years in school'),(38,'Caption in Volly Ball Team, DAIICT'),(39,'Ancor in Synapse Event, DAIICT'),(40,'Convener of Head Rush Quiz Club, DAIICT');

/*Table structure for table `student_achievements` */

DROP TABLE IF EXISTS `student_achievements`;

CREATE TABLE `student_achievements` (
  `email` varchar(30) NOT NULL,
  `aid` int(5) NOT NULL,
  PRIMARY KEY (`email`,`aid`),
  KEY `email` (`email`),
  KEY `aid` (`aid`)
) ENGINE=InnoDB DEFAULT CHARSET=latin1;

/*Data for the table `student_achievements` */

insert  into `student_achievements`(`email`,`aid`) values ('ntscorpion@gmail.com',1),('imravan11@gmail.com',2),('ntscorpion@gmail.com',2),('yashvidave@gmail.com',3),('iamshivam9@gmail.com',4),('yashvidave@gmail.com',4),('darkweb@gmail.com',5),('jigarjankar@gmail',5),('darkweb@gmail.com',6),('imrathod92@gmail.com',7),('imrathod92@gmail.com',8),('kayalove@gmail.com',9),('kayalove@gmail.com',10),('aditiagarval@gmail.com',11),('iamshivam9@gmail.com',11),('aditiagarval@gmail.com',12),('vrajsharma@gmail.com',13),('darkking@gmail.com',14),('imlshah@gmail.com',15),('viralmandalia@gmail.com',15),('rahuldhami56@gmail.com',16),('imRushi87@gmail.com',17),('hardkkotadiya@gmail.com',18),('vrajsharma@gmail.com',27),('darkking@gmail.com',28),('imlshah@gmail.com',29),('rahuldhami56@gmail.com',30),('imRushi87@gmail.com',31),('imhiren@gmail.com',32),('jigarjankar@gmail',32),('jigarjankar@gmail',33),('sachinrocks8@gmail.com',34),('vipul2567@gmail.com',35),('viralmandalia@gmail.com',36),('kingaayush43@gmail.com',37),('milansekh@gmail.com',38),('hiteshontop@gmail.com',39),('harshitdesai12@gmail.com',40),('utpa25trivedi@gmail.com',41),('imravan11@gmail.com',42),('kaushalrockss@gmail.com',43),('kingranveer23@gmail.com',44),('shivangparmar@gmail.com',45),('iamshivam9@gmail.com',46),('priyanksinghaniya@gmail.com',47),('kishan192@gmail.com',48),('happyjian55@gmail.com',49),('hardkkotadiya@gmail.com',50);

/*Table structure for table `student_elective` */

DROP TABLE IF EXISTS `student_elective`;

CREATE TABLE `student_elective` (
  `email` varchar(30) NOT NULL,
  `eid` int(5) NOT NULL,
  PRIMARY KEY (`email`,`eid`),
  KEY `email` (`email`),
  KEY `eid` (`eid`)
) ENGINE=InnoDB DEFAULT CHARSET=latin1;

/*Data for the table `student_elective` */

insert  into `student_elective`(`email`,`eid`) values ('aditiagarval@gmail.com',5),('darkweb@gmail.com',5),('harshitdesai12@gmail.com',5),('hiteshontop@gmail.com',5),('imlshah@gmail.com',5),('imrathod92@gmail.com',5),('imshivam9@gmail.com',5),('jigarjankar@gmail.com',5),('kayalove@gmail.com',5),('kingaayush43@gmail.com',5),('kingranveer23@gmail.com',5),('kishan192@gmail.com',5),('milansekh@gmail.com',5),('ntscorpion@gmail.com',5),('rahuldhami@gmail.com',5),('sachinrocks8@gmail.com',5),('vipul2567@gmail.com',5),('viralmandaliya@gmail.com',5),('vrajsharma@gmail.com',5),('yashvidave@gmail.com',5),('hardkkotadiya@gmail.com',12);

/*Table structure for table `student_hobbies` */

DROP TABLE IF EXISTS `student_hobbies`;

CREATE TABLE `student_hobbies` (
  `email` varchar(30) NOT NULL,
  `hid` int(5) NOT NULL,
  PRIMARY KEY (`email`,`hid`),
  KEY `email` (`email`),
  KEY `hid` (`hid`)
) ENGINE=InnoDB DEFAULT CHARSET=latin1;

/*Data for the table `student_hobbies` */

insert  into `student_hobbies`(`email`,`hid`) values ('viralmandalia@gmail.com',1),('imravan11@gmail.com',2),('sachinrocks8@gmail.com',3),('iamshivam9@gmail.com',4),('imrathod92@gmail.com',4),('jigarjankar@gmail',5),('kishan192@gmail.com',6),('vrajsharma@gmail.com',6),('milansekh@gmail.com',8),('imlshah@gmail.com',9),('kaushalrockss@gmail.com',9),('hardkkotadiya@gmail.com',10),('imRushi87@gmail.com',13),('kaushalrockss@gmail.com',17),('ntscorpion@gmail.com',21),('happyjian55@gmail.com',22),('viralmandalia@gmail.com',22),('yashvidave@gmail.com',22),('darkweb@gmail.com',23),('imhiren@gmail.com',23),('imrathod92@gmail.com',24),('kayalove@gmail.com',25),('aditiagarval@gmail.com',26),('hiteshontop@gmail.com',27),('vrajsharma@gmail.com',27),('darkking@gmail.com',28),('imlshah@gmail.com',29),('hardkkotadiya@gmail.com',30),('rahuldhami56@gmail.com',30),('imRushi87@gmail.com',31),('imhiren@gmail.com',32),('jigarjankar@gmail',33),('sachinrocks8@gmail.com',34),('vipul2567@gmail.com',35),('harshitdesai12@gmail.com',36),('viralmandalia@gmail.com',36),('kingaayush43@gmail.com',37),('iamshivam9@gmail.com',38),('milansekh@gmail.com',38),('hiteshontop@gmail.com',39),('darkking@gmail.com',40),('harshitdesai12@gmail.com',40),('utpa25trivedi@gmail.com',41),('imravan11@gmail.com',42),('priyanksinghaniya@gmail.com',42),('kaushalrockss@gmail.com',43),('kingranveer23@gmail.com',44),('shivangparmar@gmail.com',45),('iamshivam9@gmail.com',46),('priyanksinghaniya@gmail.com',47),('kishan192@gmail.com',48),('happyjian55@gmail.com',49),('shivangparmar@gmail.com',49),('hardkkotadiya@gmail.com',50),('vipul2567@gmail.com',53),('utpa25trivedi@gmail.com',55),('yashvidave@gmail.com',58),('darkweb@gmail.com',59),('ntscorpion@gmail.com',60),('rahuldhami56@gmail.com',66),('imrathod92@gmail.com',69),('aditiagarval@gmail.com',70);

/*Table structure for table `student_project` */

DROP TABLE IF EXISTS `student_project`;

CREATE TABLE `student_project` (
  `email` varchar(30) NOT NULL,
  `pid` int(5) NOT NULL,
  PRIMARY KEY (`email`,`pid`),
  KEY `email` (`email`),
  KEY `pid` (`pid`)
) ENGINE=InnoDB DEFAULT CHARSET=latin1;

/*Data for the table `student_project` */

insert  into `student_project`(`email`,`pid`) values ('ntscorpion@gmail.com',1),('yashvidave@gmail.com',2),('darkweb@gmail.com',3),('imrathod92@gmail.com',4),('kayalove@gmail.com',5),('aditiagarval@gmail.com',6),('vrajsharma@gmail.com',7),('darkking@gmail.com',8),('imlshah@gmail.com',9),('imlshah@gmail.com',10),('imlshah@gmail.com',11),('rahuldhami56@gmail.com',12),('imRushi87@gmail.com',13),('imRushi87@gmail.com',14),('imRushi87@gmail.com',15),('hardkkotadiya@gmail.com',16),('imhiren@gmail.com',17),('jigarjankar@gmail',18),('sachinrocks8@gmail.com',19),('sachinrocks8@gmail.com',20),('vipul2567@gmail.com',21),('viralmandalia@gmail.com',22),('kingaayush43@gmail.com',23),('milansekh@gmail.com',24),('hiteshontop@gmail.com',25),('harshitdesai12@gmail.com',26),('utpa25trivedi@gmail.com',27),('imravan11@gmail.com',28),('kaushalrockss@gmail.com',29),('kaushalrockss@gmail.com',30),('kaushalrockss@gmail.com',31),('kingranveer23@gmail.com',32),('shivangparmar@gmail.com',33),('iamshivam9@gmail.com',34),('priyanksinghaniya@gmail.com',35),('kishan192@gmail.com',36),('happyjian55@gmail.com',37),('happyjian55@gmail.com',38),('shivangparmar@gmail.com',39),('imravan11@gmail.com',40),('milansekh@gmail.com',40),('milansekh@gmail.com',41),('harshitdesai12@gmail.com',42),('kingaayush43@gmail.com',44),('kingaayush43@gmail.com',45),('kingaayush43@gmail.com',46),('darkweb@gmail.com',47),('darkweb@gmail.com',48),('kayalove@gmail.com',49),('vrajsharma@gmail.com',50),('darkking@gmail.com',51),('darkking@gmail.com',52);

/*Table structure for table `student_responsibility` */

DROP TABLE IF EXISTS `student_responsibility`;

CREATE TABLE `student_responsibility` (
  `email` varchar(30) NOT NULL,
  `rid` int(5) NOT NULL,
  PRIMARY KEY (`email`,`rid`)
) ENGINE=InnoDB DEFAULT CHARSET=utf8;

/*Data for the table `student_responsibility` */

insert  into `student_responsibility`(`email`,`rid`) values ('aditiagarval@gmail.com',23),('darkking@gmail.com',25),('darkweb@gmail.com',20),('happyjian55@gmail.com',37),('hardkkotadiya@gmail.com',11),('hardkkotadiya@gmail.com',29),('harshitdesai12@gmail.com',38),('hiteshontop@gmail.com',3),('hiteshontop@gmail.com',37),('imhiren@gmail.com',30),('imlshah@gmail.com',26),('imrathod92@gmail.com',8),('imrathod92@gmail.com',21),('imravan11@gmail.com',40),('imRushi87@gmail.com',28),('jigarjankar@gmail',31),('kaushalrockss@gmail.com',14),('kayalove@gmail.com',22),('kingaayush43@gmail.com',35),('kishan192@gmail.com',6),('milansekh@gmail.com',36),('ntscorpion@gmail.com',18),('rahuldhami56@gmail.com',27),('sachinrocks8@gmail.com',32),('utpa25trivedi@gmail.com',39),('vipul2567@gmail.com',33),('viralmandalia@gmail.com',34),('vrajsharma@gmail.com',24),('yashvidave@gmail.com',19);

/*Table structure for table `student_tools` */

DROP TABLE IF EXISTS `student_tools`;

CREATE TABLE `student_tools` (
  `email` varchar(30) NOT NULL,
  `tid` int(5) NOT NULL,
  PRIMARY KEY (`email`,`tid`),
  KEY `email` (`email`),
  KEY `tid` (`tid`)
) ENGINE=InnoDB DEFAULT CHARSET=latin1;

/*Data for the table `student_tools` */

insert  into `student_tools`(`email`,`tid`) values ('hardkkotadiya@gmail.com',1),('rahuldhami56@gmail.com',1),('imlshah@gmail.com',2),('utpa25trivedi@gmail.com',2),('hardkkotadiya@gmail.com',3),('kaushalrockss@gmail.com',3),('viralmandalia@gmail.com',3),('iamshivam9@gmail.com',4),('imRushi87@gmail.com',4),('shivangparmar@gmail.com',5),('viralmandalia@gmail.com',5),('harshitdesai12@gmail.com',6),('jigarjankar@gmail',6),('hiteshontop@gmail.com',7),('imravan11@gmail.com',7),('milansekh@gmail.com',8),('ntscorpion@gmail.com',8),('imlshah@gmail.com',9),('kishan192@gmail.com',9),('yashvidave@gmail.com',9),('darkweb@gmail.com',10),('hiteshontop@gmail.com',10),('iamshivam9@gmail.com',11),('happyjian55@gmail.com',12),('vipul2567@gmail.com',13),('kaushalrockss@gmail.com',14),('jigarjankar@gmail',15),('kingranveer23@gmail.com',17),('aditiagarval@gmail.com',18),('priyanksinghaniya@gmail.com',19),('vipul2567@gmail.com',19),('vrajsharma@gmail.com',19),('darkking@gmail.com',20),('kishan192@gmail.com',20),('iamshivam9@gmail.com',21),('ntscorpion@gmail.com',21),('yashvidave@gmail.com',22),('darkweb@gmail.com',23),('kingaayush43@gmail.com',23),('imrathod92@gmail.com',24),('milansekh@gmail.com',24),('harshitdesai12@gmail.com',25),('kayalove@gmail.com',25),('aditiagarval@gmail.com',26),('hardkkotadiya@gmail.com',26),('hiteshontop@gmail.com',26),('vrajsharma@gmail.com',27),('darkking@gmail.com',28),('utpa25trivedi@gmail.com',28),('imlshah@gmail.com',29),('imravan11@gmail.com',29),('priyanksinghaniya@gmail.com',30),('rahuldhami56@gmail.com',30),('happyjian55@gmail.com',31),('imRushi87@gmail.com',31),('sachinrocks8@gmail.com',31),('imhiren@gmail.com',32),('shivangparmar@gmail.com',32),('vipul2567@gmail.com',33),('hardkkotadiya@gmail.com',34);

/*Table structure for table `subjects` */

DROP TABLE IF EXISTS `subjects`;

CREATE TABLE `subjects` (
  `sid` int(5) NOT NULL,
  `name` varchar(50) NOT NULL,
  PRIMARY KEY (`sid`)
) ENGINE=InnoDB DEFAULT CHARSET=latin1;

/*Data for the table `subjects` */

insert  into `subjects`(`sid`,`name`) values (1,'Data Structures'),(2,'Database'),(3,'Java'),(4,'C'),(5,'C++'),(6,'python'),(7,'C#'),(8,'PHP'),(9,'JavaScript'),(10,'jQuery'),(11,'SQL'),(12,'HTML'),(13,'CSS'),(14,'Operating Systems'),(15,'Computer Networks'),(16,'Compiler Design'),(17,'Theory of Computation'),(18,'Computer Oranization & Architecture'),(19,'Software Engineering'),(20,'Web Technology'),(21,'Algorithms'),(22,'Machine Learning'),(23,'Digital Image Processing'),(24,'Data Warehouse & Data Mining');

/*Table structure for table `tools_technology` */

DROP TABLE IF EXISTS `tools_technology`;

CREATE TABLE `tools_technology` (
  `tid` int(5) NOT NULL,
  `name` varchar(50) NOT NULL,
  PRIMARY KEY (`tid`)
) ENGINE=InnoDB DEFAULT CHARSET=latin1;

/*Data for the table `tools_technology` */

insert  into `tools_technology`(`tid`,`name`) values (1,'MySQL'),(2,'SQL Server Management Stdio'),(3,'Eclipse'),(4,'ADO.net'),(5,'Visual Studio'),(6,'Codeigniter'),(7,'Netbeans'),(8,'Oracle 10g'),(9,'xampp'),(10,'wampp'),(11,'devc++'),(12,'phpmyadmin'),(13,'Posgres SQL'),(14,'notepad++'),(15,'Laravel'),(16,'Angular'),(17,'Firebase'),(18,'Reactjs'),(19,'Codeblocks'),(20,'Postman API'),(21,'Sublime Text'),(22,'PHPStrome'),(23,'VS Code'),(24,'SQLite'),(25,'Adobe Photoshop'),(26,'RStudio'),(27,'Unity'),(28,'Xamarine'),(29,'GitHub'),(30,'BOOTStrap'),(31,'Arduino'),(32,'Selenium'),(33,'Ionic Framework'),(34,'kk');

/*!40101 SET SQL_MODE=@OLD_SQL_MODE */;
/*!40014 SET FOREIGN_KEY_CHECKS=@OLD_FOREIGN_KEY_CHECKS */;
/*!40014 SET UNIQUE_CHECKS=@OLD_UNIQUE_CHECKS */;
/*!40111 SET SQL_NOTES=@OLD_SQL_NOTES */;
